Region,Altitude,Order,Type,MMU,Mass,G1,G2,G3,FET,SIT,PT,ALT,MNT,LOIT,FE1,SI1,P1,AL1,MN1,LOI1,FE2,SI2,P2,AL2,MN2,LOI2,FE3,SI3,P3,AL3,MN3,LOI3
region_1,100,3,1,region_1#100#3#1,1326,0.00,0.00,0.00,0.00,0.00,0.00,0.00,0.00,0.00,0.00,0.00,0.00,0.00,0.00,0.00,0.00,0.00,0.00,0.00,0.00,0.00,0.00,0.00,0.00,0.00,0.00,0.00
region_1,100,3,2,region_1#100#3#2,2477,21.55,24.74,53.71,55.85,11.08,0.10,2.00,2.02,4.14,59.27,3.23,0.15,2.16,2.79,5.95,60.20,3.39,0.13,1.78,2.65,4.76,52.48,17.76,0.07,2.04,1.42,3.13
region_1,90,2,1,region_1#90#2#1,10416,0.00,0.00,0.00,0.00,0.00,0.00,0.00,0.00,0.00,0.00,0.00,0.00,0.00,0.00,0.00,0.00,0.00,0.00,0.00,0.00,0.00,0.00,0.00,0.00,0.00,0.00,0.00
region_1,90,3,1,region_1#90#3#1,139370,4.50,11.93,48.73,25.58,26.54,0.02,0.73,0.46,0.72,49.44,24.47,0.04,0.83,1.69,1.49,57.37,13.73,0.04,0.88,1.17,1.36,33.89,48.84,0.02,1.20,0.50,1.01
region_1,90,3,2,region_1#90#3#2,7120,23.68,29.67,46.64,62.23,2.70,0.08,2.80,0.89,4.15,59.89,1.80,0.10,4.99,0.83,6.53,62.86,1.40,0.09,2.66,1.09,4.45,63.01,3.98,0.06,1.78,0.79,2.76
region_1,90,3,3,region_1#90#3#3,8867,10.62,20.43,68.94,48.21,21.63,0.05,2.17,3.10,2.84,50.88,8.47,0.10,4.03,6.08,5.91,55.71,6.47,0.07,2.17,5.35,3.75,45.58,28.15,0.04,1.89,1.98,2.09
region_1,90,3,4,region_1#90#3#4,30442,6.72,17.77,75.52,42.89,35.42,0.04,1.03,0.60,1.36,53.75,19.74,0.06,0.56,0.69,1.81,60.76,9.46,0.05,0.69,0.78,1.50,37.72,42.93,0.04,1.15,0.55,1.29
region_1,80,1,1,region_1#80#1#1,173956,0.00,0.00,0.00,0.00,0.00,0.00,0.00,0.00,0.00,0.00,0.00,0.00,0.00,0.00,0.00,0.00,0.00,0.00,0.00,0.00,0.00,0.00,0.00,0.00,0.00,0.00,0.00
region_1,80,1,3,region_1#80#1#3,58083,24.26,22.46,53.28,45.92,29.83,0.04,1.58,0.21,2.56,56.52,12.34,0.05,2.20,0.20,4.16,61.36,7.61,0.04,1.34,0.32,2.74,34.59,47.17,0.03,1.40,0.17,1.75
region_1,80,2,1,region_1#80#2#1,251921,0.20,0.26,1.13,0.63,0.55,0.00,0.05,0.02,0.04,52.96,8.86,0.06,2.82,5.50,4.18,58.38,11.54,0.04,1.30,1.29,1.69,33.43,44.75,0.06,3.64,0.66,2.56
region_1,80,2,4,region_1#80#2#4,24488,8.24,27.73,64.03,43.89,34.91,0.03,0.90,0.41,0.92,51.49,24.95,0.02,0.46,0.51,0.73,59.35,13.07,0.02,0.48,0.44,0.59,36.22,45.64,0.03,1.14,0.39,1.09
region_1,80,3,1,region_1#80#3#1,294435,4.86,15.80,74.87,39.37,35.42,0.03,1.28,0.90,1.35,49.64,20.89,0.06,1.61,2.63,2.77,57.57,12.74,0.04,0.95,1.56,1.49,37.21,43.26,0.03,1.41,0.70,1.31
region_1,80,3,2,region_1#80#3#2,27207,10.13,24.91,64.96,56.21,16.12,0.03,1.41,0.66,1.49,63.80,3.67,0.03,1.28,1.23,1.53,62.71,4.94,0.04,1.30,1.04,1.73,52.53,22.35,0.03,1.47,0.43,1.39
region_1,80,3,3,region_1#80#3#3,90095,6.97,17.83,75.20,45.22,26.70,0.05,2.05,2.81,2.56,49.43,11.97,0.08,2.33,6.97,4.72,55.35,8.38,0.06,1.64,5.06,3.27,42.43,32.41,0.04,2.12,1.90,2.19
region_1,80,3,4,region_1#80#3#4,465669,6.25,18.94,74.81,43.90,33.60,0.03,1.17,0.72,1.36,52.93,19.43,0.05,1.24,1.25,2.02,60.11,10.98,0.03,0.68,0.74,1.12,39.04,40.51,0.03,1.28,0.67,1.36
region_1,70,1,1,region_1#70#1#1,136287,4.68,2.02,2.02,4.58,2.10,0.00,0.03,0.02,0.04,56.40,18.88,0.01,0.20,0.08,0.33,61.31,11.14,0.02,0.33,0.34,0.50,34.50,48.96,0.02,0.70,0.25,0.79
region_1,70,1,2,region_1#70#1#2,3189,34.40,16.21,49.39,57.07,16.69,0.02,0.60,0.04,0.97,63.57,7.19,0.02,0.47,0.02,1.17,63.08,7.18,0.02,0.79,0.08,1.40,50.57,26.43,0.01,0.63,0.03,0.69
region_1,70,1,3,region_1#70#1#3,23744,27.13,22.99,49.87,47.02,27.99,0.04,2.05,0.13,2.40,56.39,12.80,0.05,2.66,0.12,3.51,61.69,7.31,0.04,1.71,0.18,2.32,35.16,45.79,0.03,1.88,0.10,1.83
region_1,70,2,1,region_1#70#2#1,227585,1.22,2.31,6.59,4.22,3.72,0.00,0.11,0.08,0.13,53.48,19.55,0.03,0.81,1.24,1.32,57.16,14.99,0.03,0.57,1.10,1.03,34.20,47.59,0.03,1.36,0.66,1.29
region_1,70,2,3,region_1#70#2#3,2440,6.08,29.09,64.83,47.96,24.75,0.04,1.17,2.78,1.80,58.67,7.99,0.03,0.57,4.18,1.52,62.99,4.20,0.03,0.30,3.36,1.10,40.21,35.55,0.04,1.61,2.38,2.14
region_1,70,2,4,region_1#70#2#4,79021,10.15,23.36,66.50,43.66,34.80,0.03,1.09,0.51,1.07,54.04,20.29,0.02,0.62,0.74,0.96,58.57,13.44,0.02,0.68,0.74,0.90,36.84,44.52,0.03,1.31,0.39,1.14
region_1,70,3,1,region_1#70#3#1,140705,6.99,15.71,77.30,41.54,36.97,0.03,1.22,0.80,1.28,49.06,23.47,0.05,1.70,1.71,2.21,58.48,12.73,0.02,0.73,1.16,1.06,37.42,43.11,0.03,1.27,0.64,1.24
region_1,70,3,2,region_1#70#3#2,6194,14.22,26.81,58.97,57.97,13.60,0.03,1.22,0.56,1.51,64.56,3.90,0.03,0.96,0.44,1.82,64.00,4.33,0.03,0.95,0.72,1.36,53.64,20.15,0.03,1.40,0.51,1.50
region_1,70,3,4,region_1#70#3#4,609932,7.53,18.27,74.20,44.53,32.57,0.03,1.27,0.71,1.40,52.22,19.86,0.05,1.39,1.31,2.18,59.37,11.86,0.03,0.72,0.76,1.20,40.10,38.96,0.03,1.39,0.64,1.36
region_1,60,1,1,region_1#60#1#1,59032,0.46,0.50,1.63,1.06,0.98,0.00,0.02,0.02,0.03,57.71,13.64,0.03,0.91,0.90,1.24,59.08,11.21,0.03,0.69,1.39,1.29,30.90,52.98,0.03,0.97,0.47,0.98
region_1,60,1,2,region_1#60#1#2,3039,36.53,17.87,45.60,59.72,10.53,0.04,1.18,0.07,2.82,62.13,6.08,0.04,1.32,0.02,3.79,64.51,3.67,0.04,0.99,0.15,2.98,55.90,16.78,0.03,1.14,0.07,1.99
region_1,60,1,3,region_1#60#1#3,49495,27.34,13.90,58.75,51.15,16.91,0.07,4.39,0.11,5.19,53.94,10.82,0.10,4.41,0.18,7.08,57.01,8.62,0.08,3.58,0.09,5.58,48.47,21.71,0.05,4.57,0.08,4.22
region_1,60,1,4,region_1#60#1#4,25013,21.22,22.29,56.49,44.95,32.97,0.03,1.15,0.27,1.19,57.06,15.33,0.03,1.20,0.25,1.45,61.61,9.17,0.03,0.88,0.40,1.25,33.83,48.98,0.03,1.23,0.23,1.07
region_1,60,2,1,region_1#60#2#1,224639,3.90,6.02,20.65,12.53,11.87,0.01,0.23,0.18,0.24,56.17,16.84,0.02,0.68,0.81,0.92,58.19,13.70,0.02,0.56,1.05,0.92,33.12,50.33,0.02,0.80,0.43,0.70
region_1,60,2,2,region_1#60#2#2,1422,23.90,23.66,52.44,60.76,10.59,0.02,1.07,0.22,0.98,66.63,2.57,0.02,0.65,0.08,0.93,65.27,3.68,0.03,0.97,0.43,1.17,56.06,17.36,0.02,1.31,0.19,0.91
region_1,60,2,3,region_1#60#2#3,4058,15.58,18.90,65.53,48.67,22.26,0.05,4.30,0.15,3.66,54.94,9.34,0.09,4.85,0.34,6.49,57.32,10.02,0.05,3.91,0.15,3.81,44.68,28.86,0.04,4.28,0.10,2.95
region_1,60,2,4,region_1#60#2#4,107762,10.82,19.73,69.46,44.10,34.44,0.03,0.98,0.44,0.94,57.90,14.93,0.02,0.63,0.61,0.82,60.44,10.75,0.03,0.73,0.74,1.00,37.30,44.21,0.03,1.11,0.32,0.94
region_1,60,3,1,region_1#60#3#1,111291,8.18,16.08,73.95,40.66,36.55,0.02,1.07,0.91,1.08,52.86,18.48,0.04,1.46,1.94,1.76,60.05,10.55,0.02,0.66,1.38,0.87,36.08,45.08,0.02,1.14,0.72,1.08
region_1,60,3,3,region_1#60#3#3,2624,21.42,15.26,63.32,46.93,24.68,0.07,3.28,0.44,4.28,53.71,15.15,0.09,1.83,0.06,6.29,56.75,10.29,0.08,2.34,0.50,4.96,42.26,31.37,0.05,4.00,0.55,3.44
region_1,60,3,4,region_1#60#3#4,453539,8.10,16.96,74.94,44.52,32.69,0.03,1.27,0.65,1.32,54.55,16.28,0.05,1.50,1.36,2.16,59.43,11.62,0.03,0.77,0.79,1.20,40.06,39.23,0.03,1.36,0.54,1.26
region_1,50,1,1,region_1#50#1#1,21442,14.07,11.44,74.49,41.06,39.51,0.02,0.68,0.15,0.66,58.07,14.44,0.03,0.97,0.23,1.18,61.66,9.21,0.03,0.78,0.47,1.21,34.68,48.90,0.02,0.61,0.09,0.48
region_1,50,1,2,region_1#50#1#2,8790,30.63,18.47,50.90,57.97,14.29,0.02,1.47,0.06,1.16,65.28,3.56,0.02,1.17,0.03,1.25,61.58,6.99,0.03,1.90,0.12,2.10,52.27,23.39,0.02,1.49,0.05,0.76
region_1,50,1,4,region_1#50#1#4,5395,19.50,15.12,65.37,42.46,37.56,0.02,0.72,0.10,0.73,56.99,16.17,0.03,1.01,0.11,1.19,61.81,9.46,0.03,0.77,0.26,1.07,33.65,50.44,0.02,0.63,0.06,0.51
region_1,50,2,1,region_1#50#2#1,219852,18.51,17.07,64.25,41.20,39.14,0.02,0.71,0.19,0.61,55.08,19.88,0.02,0.52,0.17,0.65,58.01,15.06,0.02,0.69,0.30,0.79,32.84,51.18,0.02,0.77,0.16,0.55
region_1,50,2,2,region_1#50#2#2,10316,27.17,21.98,50.86,59.96,11.44,0.02,1.19,0.17,1.26,65.54,3.30,0.02,0.93,0.06,1.55,64.42,4.37,0.03,1.16,0.36,1.54,55.06,18.84,0.02,1.34,0.15,0.98
region_1,50,2,3,region_1#50#2#3,244817,14.05,18.88,67.07,45.58,27.50,0.04,4.00,0.10,3.25,53.42,13.30,0.08,4.21,0.20,5.75,55.30,13.26,0.05,3.80,0.12,3.67,41.20,34.49,0.03,4.02,0.07,2.61
region_1,50,3,1,region_1#50#3#1,122754,8.48,17.02,74.50,41.25,37.13,0.02,1.17,0.88,1.09,53.26,17.86,0.03,1.34,1.97,1.85,57.33,13.53,0.02,0.85,1.49,1.15,36.21,44.72,0.02,1.22,0.61,0.98
region_1,50,3,4,region_1#50#3#4,354659,11.77,17.54,70.70,43.77,34.27,0.03,1.02,0.65,1.10,54.50,18.07,0.03,0.93,1.21,1.41,59.32,11.72,0.03,0.70,0.94,1.13,38.12,42.56,0.02,1.11,0.48,1.04
region_2,100,1,3,region_2#100#1#3,2998,25.78,17.59,56.63,47.60,24.94,0.06,1.89,0.05,4.50,50.77,19.95,0.09,1.46,0.09,5.32,56.01,12.63,0.08,1.75,0.05,5.14,43.55,31.04,0.05,2.13,0.03,3.92
region_2,100,2,1,region_2#100#2#1,60093,14.59,2.58,4.82,9.54,7.34,0.01,0.13,0.07,0.68,46.50,28.86,0.06,0.46,0.28,3.40,54.02,18.14,0.07,0.56,0.71,2.93,28.43,55.22,0.05,0.97,0.31,2.16
region_2,100,2,2,region_2#100#2#2,15342,19.14,26.47,54.39,58.33,11.32,0.08,1.56,0.16,3.28,62.22,3.10,0.16,1.82,0.16,5.65,64.52,2.57,0.08,1.21,0.17,3.38,53.95,18.47,0.05,1.63,0.15,2.39
region_2,100,2,3,region_2#100#2#3,433880,31.94,18.36,49.70,47.51,24.96,0.09,2.14,0.25,4.29,51.42,19.14,0.12,1.35,0.35,5.25,57.85,9.97,0.11,1.77,0.33,4.72,41.19,34.24,0.06,2.79,0.15,3.52
region_2,100,3,2,region_2#100#3#2,52344,26.91,25.07,48.02,60.58,7.11,0.11,1.76,0.08,4.31,62.79,2.02,0.16,1.92,0.07,5.98,63.77,2.33,0.12,1.44,0.08,4.87,57.68,12.45,0.07,1.85,0.08,3.09
region_2,100,3,3,region_2#100#3#3,91115,61.24,13.02,25.74,48.33,23.56,0.14,1.49,0.26,5.32,50.51,20.60,0.16,0.92,0.28,5.80,55.22,12.61,0.17,1.53,0.29,6.09,39.68,36.13,0.08,2.84,0.22,3.79
region_2,100,3,4,region_2#100#3#4,110614,21.46,21.26,57.28,44.88,31.05,0.06,1.01,0.71,2.68,57.06,11.35,0.09,1.01,1.10,4.29,59.72,8.38,0.08,0.92,1.25,3.49,34.81,46.84,0.04,1.04,0.36,1.78
region_2,50,1,1,region_2#50#1#1,100041,0.00,0.00,0.00,0.00,0.00,0.00,0.00,0.00,0.00,0.00,0.00,0.00,0.00,0.00,0.00,0.00,0.00,0.00,0.00,0.00,0.00,0.00,0.00,0.00,0.00,0.00,0.00
region_3,100,3,1,region_3#100#3#1,8666,0.00,0.00,0.00,0.00,0.00,0.00,0.00,0.00,0.00,0.00,0.00,0.00,0.00,0.00,0.00,0.00,0.00,0.00,0.00,0.00,0.00,0.00,0.00,0.00,0.00,0.00,0.00
region_3,100,5,1,region_3#100#5#1,19835,0.00,0.00,0.00,0.00,0.00,0.00,0.00,0.00,0.00,0.00,0.00,0.00,0.00,0.00,0.00,0.00,0.00,0.00,0.00,0.00,0.00,0.00,0.00,0.00,0.00,0.00,0.00
region_3,100,5,2,region_3#100#5#2,1809,73.62,17.07,9.31,60.16,4.66,0.07,5.20,0.14,3.09,64.47,2.50,0.05,2.65,0.09,1.70,53.70,8.05,0.10,8.93,0.22,5.37,37.99,15.56,0.15,18.56,0.33,9.91
region_3,100,6,1,region_3#100#6#1,18385,0.00,0.00,0.00,0.00,0.00,0.00,0.00,0.00,0.00,0.00,0.00,0.00,0.00,0.00,0.00,0.00,0.00,0.00,0.00,0.00,0.00,0.00,0.00,0.00,0.00,0.00,0.00
region_3,90,3,1,region_3#90#3#1,36437,0.00,0.00,0.00,0.00,0.00,0.00,0.00,0.00,0.00,0.00,0.00,0.00,0.00,0.00,0.00,0.00,0.00,0.00,0.00,0.00,0.00,0.00,0.00,0.00,0.00,0.00,0.00
region_3,90,5,1,region_3#90#5#1,46853,0.00,0.00,0.00,0.00,0.00,0.00,0.00,0.00,0.00,0.00,0.00,0.00,0.00,0.00,0.00,0.00,0.00,0.00,0.00,0.00,0.00,0.00,0.00,0.00,0.00,0.00,0.00
region_3,90,5,3,region_3#90#5#3,27547,31.91,33.78,34.31,51.25,7.60,0.06,11.03,0.07,7.17,62.33,3.06,0.07,3.95,0.07,3.60,52.57,7.49,0.06,9.96,0.06,6.64,39.65,11.92,0.06,18.68,0.08,11.01
region_3,90,6,1,region_3#90#6#1,23490,0.00,0.00,0.00,0.00,0.00,0.00,0.00,0.00,0.00,0.00,0.00,0.00,0.00,0.00,0.00,0.00,0.00,0.00,0.00,0.00,0.00,0.00,0.00,0.00,0.00,0.00,0.00
region_3,90,6,3,region_3#90#6#3,45049,22.03,43.31,34.66,50.52,9.97,0.05,10.47,0.07,6.27,60.55,4.65,0.05,4.83,0.07,3.32,52.38,8.32,0.05,9.80,0.07,6.14,41.83,15.41,0.06,14.88,0.06,8.31
region_3,90,7,1,region_3#90#7#1,48236,0.00,0.00,0.00,0.00,0.00,0.00,0.00,0.00,0.00,0.00,0.00,0.00,0.00,0.00,0.00,0.00,0.00,0.00,0.00,0.00,0.00,0.00,0.00,0.00,0.00,0.00,0.00
region_3,90,7,3,region_3#90#7#3,40330,17.42,41.87,40.71,50.83,10.26,0.05,9.57,0.47,5.97,58.94,5.25,0.05,5.38,0.45,3.97,52.95,8.13,0.05,9.21,0.29,5.85,45.18,14.58,0.06,11.73,0.66,6.95
region_3,80,1,1,region_3#80#1#1,45636,33.32,20.44,46.24,41.43,32.93,0.06,3.12,1.50,2.61,48.65,20.46,0.07,3.13,2.60,3.14,49.77,18.58,0.07,3.95,2.09,3.46,32.55,48.25,0.04,2.74,0.45,1.85
region_3,80,1,2,region_3#80#1#2,15472,27.95,23.45,48.60,57.69,13.72,0.03,1.51,0.72,1.11,64.33,3.27,0.04,1.32,1.42,1.29,64.81,3.73,0.03,1.26,0.73,1.07,50.43,24.55,0.03,1.74,0.32,1.03
region_3,80,1,3,region_3#80#1#3,74173,25.18,22.80,52.02,45.35,29.37,0.05,2.47,0.86,2.01,53.94,15.74,0.07,2.65,1.33,2.49,55.65,13.07,0.06,2.84,1.39,2.51,36.67,43.11,0.04,2.22,0.40,1.56
region_3,80,2,1,region_3#80#2#1,2476,30.89,23.76,45.35,41.51,32.55,0.07,2.58,1.92,2.61,50.35,17.54,0.08,2.60,3.25,3.21,52.18,15.51,0.08,2.86,2.65,3.05,29.90,51.69,0.05,2.42,0.63,1.98
region_3,80,2,3,region_3#80#2#3,29654,35.22,27.85,36.93,46.38,14.18,0.12,5.32,5.70,5.58,48.95,9.44,0.12,4.34,7.30,5.55,48.89,9.20,0.14,5.81,5.89,6.21,42.03,22.45,0.11,5.90,4.02,5.14
region_3,80,2,4,region_3#80#2#4,27214,23.89,24.21,51.90,44.57,32.30,0.04,1.63,0.60,1.47,57.85,12.76,0.04,1.81,0.88,1.58,57.85,12.57,0.05,1.78,1.00,1.66,32.27,50.50,0.04,1.48,0.30,1.34
region_3,80,3,1,region_3#80#3#1,47792,0.00,0.00,0.00,0.00,0.00,0.00,0.00,0.00,0.00,0.00,0.00,0.00,0.00,0.00,0.00,0.00,0.00,0.00,0.00,0.00,0.00,0.00,0.00,0.00,0.00,0.00,0.00
region_3,80,3,2,region_3#80#3#2,28776,58.45,21.87,19.69,62.35,3.27,0.09,3.35,0.74,2.53,64.44,2.03,0.08,2.33,0.76,1.97,61.68,3.32,0.12,3.61,0.83,3.00,56.91,6.89,0.09,6.09,0.59,3.66
region_3,80,3,3,region_3#80#3#3,18534,35.78,24.00,40.22,49.22,17.43,0.08,3.59,3.25,3.71,56.73,6.58,0.08,3.02,3.82,3.64,55.18,8.55,0.10,3.67,3.27,4.14,38.99,32.40,0.06,4.06,2.72,3.51
region_3,80,5,1,region_3#80#5#1,44724,0.00,0.00,0.00,0.00,0.00,0.00,0.00,0.00,0.00,0.00,0.00,0.00,0.00,0.00,0.00,0.00,0.00,0.00,0.00,0.00,0.00,0.00,0.00,0.00,0.00,0.00,0.00
region_3,80,5,2,region_3#80#5#2,41250,41.48,29.35,29.17,55.97,5.06,0.08,7.67,0.16,6.49,62.13,2.20,0.10,3.69,0.23,4.89,56.62,5.14,0.08,7.20,0.12,6.13,46.57,9.04,0.07,13.80,0.12,9.13
region_3,80,6,1,region_3#80#6#1,17017,0.00,0.00,0.00,0.00,0.00,0.00,0.00,0.00,0.00,0.00,0.00,0.00,0.00,0.00,0.00,0.00,0.00,0.00,0.00,0.00,0.00,0.00,0.00,0.00,0.00,0.00,0.00
region_3,80,6,2,region_3#80#6#2,5003,30.95,34.80,34.25,52.00,6.85,0.05,10.62,0.27,6.94,62.58,2.54,0.05,3.43,0.58,3.49,53.87,6.69,0.04,9.18,0.17,6.12,40.55,10.92,0.05,18.57,0.10,10.90
region_3,80,7,1,region_3#80#7#1,41115,0.00,0.00,0.00,0.00,0.00,0.00,0.00,0.00,0.00,0.00,0.00,0.00,0.00,0.00,0.00,0.00,0.00,0.00,0.00,0.00,0.00,0.00,0.00,0.00,0.00,0.00,0.00
region_3,80,7,3,region_3#80#7#3,32302,24.54,40.37,35.09,49.77,9.67,0.05,11.02,0.22,6.85,60.01,4.49,0.05,4.66,0.54,3.76,51.43,8.51,0.05,10.28,0.13,6.62,40.70,14.64,0.05,16.33,0.08,9.27
region_3,80,8,1,region_3#80#8#1,18583,0.00,0.00,0.00,0.00,0.00,0.00,0.00,0.00,0.00,0.00,0.00,0.00,0.00,0.00,0.00,0.00,0.00,0.00,0.00,0.00,0.00,0.00,0.00,0.00,0.00,0.00,0.00
region_3,70,1,4,region_3#70#1#4,93592,37.31,21.89,40.80,44.32,29.73,0.06,2.87,1.08,2.38,51.52,18.59,0.08,2.82,1.49,2.68,51.91,16.84,0.07,3.57,1.53,3.01,33.67,46.83,0.05,2.55,0.48,1.76
region_3,70,2,1,region_3#70#2#1,27344,30.71,23.77,45.52,39.90,34.64,0.06,3.40,1.18,2.87,51.24,18.29,0.07,3.14,1.33,2.97,50.90,17.79,0.07,3.47,1.66,3.26,26.52,54.47,0.05,3.53,0.83,2.59
region_3,70,2,2,region_3#70#2#2,19682,39.40,28.54,32.07,60.24,8.64,0.07,1.84,0.84,2.03,64.88,2.55,0.08,1.27,0.88,1.97,63.33,3.88,0.09,1.67,1.11,2.10,51.78,20.36,0.06,2.68,0.56,2.03
region_3,70,2,3,region_3#70#2#3,30173,41.73,25.09,33.18,47.65,18.00,0.09,3.77,3.91,4.11,50.79,11.79,0.09,3.40,5.15,4.35,51.86,10.02,0.11,4.48,4.29,4.86,40.52,31.85,0.07,3.70,2.07,3.22
region_3,70,2,4,region_3#70#2#4,16540,37.81,18.94,43.25,44.78,32.73,0.05,1.40,0.47,1.20,54.72,18.84,0.05,1.04,0.51,1.13,58.31,11.95,0.07,1.57,0.88,1.83,30.17,53.97,0.03,1.64,0.25,1.00
region_3,70,3,1,region_3#70#3#1,5836,0.00,0.00,0.00,0.00,0.00,0.00,0.00,0.00,0.00,0.00,0.00,0.00,0.00,0.00,0.00,0.00,0.00,0.00,0.00,0.00,0.00,0.00,0.00,0.00,0.00,0.00,0.00
region_3,70,3,2,region_3#70#3#2,56052,74.39,16.27,9.33,62.26,2.67,0.14,3.08,0.58,4.05,63.76,1.92,0.12,2.37,0.55,3.50,60.11,3.18,0.19,3.90,0.67,5.50,54.09,7.84,0.16,7.39,0.64,5.81
region_3,70,3,3,region_3#70#3#3,53528,38.48,23.96,37.55,51.78,9.59,0.11,3.67,5.13,5.05,54.07,3.50,0.10,3.78,6.72,5.43,55.84,4.10,0.15,3.75,4.54,5.70,46.83,19.32,0.09,3.51,3.88,4.25
region_3,70,5,1,region_3#70#5#1,101180,0.00,0.00,0.00,0.00,0.00,0.00,0.00,0.00,0.00,0.00,0.00,0.00,0.00,0.00,0.00,0.00,0.00,0.00,0.00,0.00,0.00,0.00,0.00,0.00,0.00,0.00,0.00
region_3,70,5,2,region_3#70#5#2,898,38.38,34.35,27.28,58.17,4.54,0.06,6.68,0.08,4.93,63.92,2.03,0.06,3.02,0.08,3.23,60.30,3.83,0.06,5.22,0.07,4.20,47.39,8.96,0.07,13.67,0.09,8.23
region_3,70,6,1,region_3#70#6#1,84168,0.00,0.00,0.00,0.00,0.00,0.00,0.00,0.00,0.00,0.00,0.00,0.00,0.00,0.00,0.00,0.00,0.00,0.00,0.00,0.00,0.00,0.00,0.00,0.00,0.00,0.00,0.00
region_3,70,6,3,region_3#70#6#3,86048,22.18,36.40,41.42,50.36,7.49,0.05,12.08,0.08,7.36,63.00,3.39,0.04,3.53,0.10,2.75,54.56,6.42,0.04,8.95,0.06,5.79,39.89,10.62,0.06,19.40,0.09,11.20
region_3,70,7,1,region_3#70#7#1,282796,0.00,0.00,0.00,0.00,0.00,0.00,0.00,0.00,0.00,0.00,0.00,0.00,0.00,0.00,0.00,0.00,0.00,0.00,0.00,0.00,0.00,0.00,0.00,0.00,0.00,0.00,0.00
region_3,70,7,3,region_3#70#7#3,23111,17.46,42.87,39.66,48.99,10.30,0.05,11.57,0.09,6.93,60.76,4.77,0.04,4.67,0.08,3.11,50.72,8.95,0.05,10.70,0.07,6.79,41.92,14.19,0.05,15.54,0.10,8.76
region_3,70,8,1,region_3#70#8#1,37068,0.00,0.00,0.00,0.00,0.00,0.00,0.00,0.00,0.00,0.00,0.00,0.00,0.00,0.00,0.00,0.00,0.00,0.00,0.00,0.00,0.00,0.00,0.00,0.00,0.00,0.00,0.00
region_3,70,8,2,region_3#70#8#2,2719,61.41,23.72,14.88,56.09,6.74,0.06,8.17,0.32,4.52,61.76,3.08,0.05,5.50,0.11,3.29,50.99,9.74,0.07,10.64,0.62,5.70,40.82,17.08,0.08,15.30,0.72,7.77
region_3,60,2,1,region_3#60#2#1,6074,10.86,19.76,69.38,23.48,56.16,0.07,3.99,1.95,3.24,33.73,32.14,0.07,6.70,5.15,5.26,38.37,33.04,0.06,4.40,2.59,3.66,17.63,66.50,0.07,3.46,1.26,2.80
region_3,60,2,2,region_3#60#2#2,11482,36.83,29.11,34.06,62.69,5.62,0.07,1.61,0.70,1.92,65.65,2.13,0.07,1.03,0.70,1.73,64.19,3.24,0.08,1.50,0.90,2.01,58.21,11.42,0.07,2.34,0.52,2.04
region_3,60,2,3,region_3#60#2#3,10725,30.43,17.18,52.39,45.40,32.81,0.03,1.02,0.33,0.91,60.16,11.87,0.03,0.57,0.45,0.89,58.70,12.82,0.04,1.09,0.59,1.30,32.46,51.52,0.02,1.25,0.17,0.79
region_3,60,2,4,region_3#60#2#4,10279,41.04,27.23,31.73,44.92,22.06,0.09,3.86,3.71,4.35,50.03,13.61,0.09,3.21,4.98,4.42,51.03,11.94,0.10,3.95,4.27,4.89,33.05,41.68,0.08,4.62,1.59,3.80
region_3,60,3,1,region_3#60#3#1,12263,0.00,0.00,0.00,0.00,0.00,0.00,0.00,0.00,0.00,0.00,0.00,0.00,0.00,0.00,0.00,0.00,0.00,0.00,0.00,0.00,0.00,0.00,0.00,0.00,0.00,0.00,0.00
region_3,60,3,2,region_3#60#3#2,84824,59.82,21.42,18.76,61.12,2.48,0.19,2.76,0.77,5.76,51.91,1.49,0.16,1.89,0.82,4.99,104.20,3.95,0.37,5.13,1.14,10.81,56.27,7.88,0.15,4.29,1.01,5.44
region_3,60,5,1,region_3#60#5#1,115213,0.00,0.00,0.00,0.00,0.00,0.00,0.00,0.00,0.00,0.00,0.00,0.00,0.00,0.00,0.00,0.00,0.00,0.00,0.00,0.00,0.00,0.00,0.00,0.00,0.00,0.00,0.00
region_3,60,5,2,region_3#60#5#2,37414,39.01,32.84,28.15,64.95,1.69,0.06,1.62,0.49,2.46,65.51,0.89,0.08,1.01,0.52,3.01,65.79,1.33,0.05,1.34,0.48,2.00,63.20,3.23,0.05,2.79,0.47,2.24
region_3,60,6,1,region_3#60#6#1,176760,0.00,0.00,0.00,0.00,0.00,0.00,0.00,0.00,0.00,0.00,0.00,0.00,0.00,0.00,0.00,0.00,0.00,0.00,0.00,0.00,0.00,0.00,0.00,0.00,0.00,0.00,0.00
region_3,60,6,2,region_3#60#6#2,32979,35.95,32.82,31.23,65.26,1.55,0.06,1.44,0.36,2.42,65.39,0.89,0.08,1.05,0.27,3.33,66.13,1.28,0.05,1.25,0.28,1.89,64.20,2.60,0.04,2.10,0.53,1.94
region_3,60,7,1,region_3#60#7#1,257916,0.00,0.00,0.00,0.00,0.00,0.00,0.00,0.00,0.00,0.00,0.00,0.00,0.00,0.00,0.00,0.00,0.00,0.00,0.00,0.00,0.00,0.00,0.00,0.00,0.00,0.00,0.00
region_3,50,2,1,region_3#50#2#1,12695,23.99,18.03,57.98,29.42,47.91,0.08,2.70,2.79,3.06,41.04,26.51,0.08,2.25,6.08,3.77,41.94,29.22,0.07,2.58,3.36,3.20,20.71,62.58,0.08,2.93,1.25,2.72
region_3,50,2,2,region_3#50#2#2,12331,61.14,22.06,16.80,64.17,3.86,0.07,1.47,0.65,1.80,66.42,1.54,0.07,0.98,0.52,1.55,64.25,3.09,0.08,1.62,0.93,1.94,55.89,13.29,0.08,3.02,0.77,2.50
region_3,50,2,4,region_3#50#2#4,21551,27.45,17.64,54.92,44.55,33.99,0.03,1.02,0.35,0.88,59.43,12.80,0.03,0.63,0.48,0.88,57.85,14.01,0.04,1.07,0.69,1.23,32.84,51.00,0.02,1.19,0.18,0.77
region_3,50,3,1,region_3#50#3#1,20232,13.12,11.04,32.16,20.03,24.80,0.02,0.88,0.73,0.88,44.33,30.29,0.03,1.36,2.22,1.75,48.02,25.65,0.03,1.32,1.99,1.56,27.70,55.95,0.04,1.71,0.68,1.48
region_3,50,3,2,region_3#50#3#2,100735,41.39,25.61,33.00,63.02,2.51,0.11,2.07,0.84,3.87,43.94,1.29,0.10,1.15,0.86,3.49,97.01,2.95,0.15,2.86,1.07,5.14,50.62,16.95,0.11,3.28,1.86,4.31
region_3,50,5,1,region_3#50#5#1,67938,0.00,0.00,0.00,0.00,0.00,0.00,0.00,0.00,0.00,0.00,0.00,0.00,0.00,0.00,0.00,0.00,0.00,0.00,0.00,0.00,0.00,0.00,0.00,0.00,0.00,0.00,0.00
region_3,50,5,2,region_3#50#5#2,107546,32.01,34.71,33.29,64.66,2.15,0.06,1.87,0.45,2.42,64.51,1.56,0.09,1.51,0.61,3.26,65.51,1.71,0.06,1.52,0.41,2.00,63.91,3.18,0.05,2.58,0.34,2.06
region_3,50,6,1,region_3#50#6#1,97655,0.00,0.00,0.00,0.00,0.00,0.00,0.00,0.00,0.00,0.00,0.00,0.00,0.00,0.00,0.00,0.00,0.00,0.00,0.00,0.00,0.00,0.00,0.00,0.00,0.00,0.00,0.00
region_3,50,6,2,region_3#50#6#2,103676,35.30,30.25,34.46,64.45,2.34,0.06,2.11,0.34,2.50,65.27,1.36,0.08,1.47,0.40,2.74,65.42,1.79,0.06,1.67,0.26,2.21,62.78,3.83,0.05,3.15,0.35,2.51
region_3,50,7,1,region_3#50#7#1,173477,0.00,0.00,0.00,0.00,0.00,0.00,0.00,0.00,0.00,0.00,0.00,0.00,0.00,0.00,0.00,0.00,0.00,0.00,0.00,0.00,0.00,0.00,0.00,0.00,0.00,0.00,0.00
region_3,50,7,2,region_3#50#7#2,3779,69.80,20.53,9.67,65.47,1.78,0.06,1.54,0.84,1.47,66.74,1.15,0.06,1.00,0.64,1.07,64.71,1.64,0.05,1.93,1.18,1.94,57.88,6.69,0.07,4.62,1.64,3.30
region_3,40,2,1,region_3#40#2#1,15887,13.02,19.46,67.52,36.17,44.49,0.03,1.31,0.85,1.13,44.49,31.33,0.03,0.83,1.60,1.31,50.41,23.63,0.03,0.93,1.65,1.13,30.46,53.05,0.03,1.52,0.47,1.09
region_3,40,2,2,region_3#40#2#2,7420,17.62,38.70,43.69,67.05,1.02,0.04,0.59,0.91,1.13,64.91,0.86,0.07,0.58,2.37,2.20,68.01,0.58,0.03,0.38,0.68,0.79,67.08,1.47,0.04,0.79,0.52,1.00
region_3,40,3,1,region_3#40#3#1,35722,10.77,17.27,64.54,31.71,42.84,0.04,1.44,0.85,1.46,44.32,31.11,0.04,0.92,1.67,1.53,49.08,25.22,0.03,1.13,1.55,1.29,28.60,54.44,0.05,1.78,0.62,1.66
region_3,40,3,2,region_3#40#3#2,123558,45.18,26.24,28.58,58.42,4.67,0.09,1.34,4.34,3.91,56.49,3.32,0.11,1.18,6.62,4.90,61.07,2.37,0.09,1.21,3.61,3.57,59.04,8.91,0.07,1.72,1.40,2.67
region_3,40,5,1,region_3#40#5#1,33141,0.00,0.00,0.00,0.00,0.00,0.00,0.00,0.00,0.00,0.00,0.00,0.00,0.00,0.00,0.00,0.00,0.00,0.00,0.00,0.00,0.00,0.00,0.00,0.00,0.00,0.00,0.00
region_3,40,5,2,region_3#40#5#2,137936,38.76,31.06,30.19,65.70,1.54,0.06,1.30,0.68,1.85,65.75,1.16,0.06,1.02,0.82,2.24,66.16,1.21,0.05,1.10,0.74,1.57,65.18,65.18,65.18,65.18,65.18,65.18
region_3,40,6,1,region_3#40#6#1,55118,0.00,0.00,0.00,0.00,0.00,0.00,0.00,0.00,0.00,0.00,0.00,0.00,0.00,0.00,0.00,0.00,0.00,0.00,0.00,0.00,0.00,0.00,0.00,0.00,0.00,0.00,0.00
region_3,40,6,2,region_3#40#6#2,230243,45.80,26.32,27.88,65.18,2.07,0.06,1.77,0.50,1.91,66.50,1.07,0.06,1.03,0.54,1.73,65.91,1.57,0.05,1.45,0.50,1.69,62.33,4.18,0.06,3.28,0.44,2.42
region_3,40,7,1,region_3#40#7#1,68054,0.00,0.00,0.00,0.00,0.00,0.00,0.00,0.00,0.00,0.00,0.00,0.00,0.00,0.00,0.00,0.00,0.00,0.00,0.00,0.00,0.00,0.00,0.00,0.00,0.00,0.00,0.00
region_3,40,7,2,region_3#40#7#2,78055,68.73,18.38,12.89,65.97,1.66,0.06,1.49,0.50,1.36,67.27,1.01,0.06,0.86,0.39,0.95,65.77,1.45,0.06,1.61,0.61,1.64,59.38,5.43,0.07,4.64,0.92,3.16
region_3,30,2,1,region_3#30#2#1,16180,12.06,19.61,68.32,36.08,44.77,0.03,1.25,0.83,1.07,44.28,31.99,0.03,0.61,1.54,1.15,50.52,23.72,0.03,0.81,1.65,1.03,30.49,53.07,0.03,1.49,0.47,1.07
region_3,30,2,2,region_3#30#2#2,8578,14.76,40.38,44.85,67.29,1.07,0.03,0.62,0.77,0.89,65.70,1.09,0.05,0.84,1.73,1.48,68.13,0.57,0.02,0.40,0.66,0.62,67.05,1.51,0.04,0.74,0.55,0.94
region_3,30,3,1,region_3#30#3#1,36259,9.05,15.47,63.64,28.92,41.84,0.05,1.51,1.04,1.68,42.83,32.68,0.05,0.91,1.93,1.77,48.74,24.59,0.05,1.10,1.99,1.72,27.51,55.12,0.06,1.98,0.88,1.96
region_3,30,3,2,region_3#30#3#2,288569,24.88,29.17,45.95,64.65,2.91,0.06,0.98,1.07,1.93,63.69,1.76,0.08,0.84,2.26,2.89,66.22,1.25,0.05,0.69,1.10,1.60,64.17,4.59,0.05,1.25,0.41,1.61
region_3,30,3,4,region_3#30#3#4,13217,10.66,19.43,69.90,44.05,31.89,0.04,1.64,1.23,1.48,49.92,21.96,0.04,0.75,2.50,1.44,56.00,14.92,0.03,0.96,2.09,1.19,39.83,38.12,0.05,1.97,0.80,1.57
region_3,30,5,1,region_3#30#5#1,9532,0.00,0.00,0.00,0.00,0.00,0.00,0.00,0.00,0.00,0.00,0.00,0.00,0.00,0.00,0.00,0.00,0.00,0.00,0.00,0.00,0.00,0.00,0.00,0.00,0.00,0.00,0.00
region_3,30,5,2,region_3#30#5#2,317711,30.37,28.62,41.00,65.63,2.16,0.05,1.20,0.68,1.51,65.72,1.18,0.06,0.96,1.16,1.86,66.58,1.26,0.04,0.96,0.66,1.29,64.89,3.52,0.05,1.54,0.33,1.39
region_3,30,6,1,region_3#30#6#1,9469,0.00,0.00,0.00,0.00,0.00,0.00,0.00,0.00,0.00,0.00,0.00,0.00,0.00,0.00,0.00,0.00,0.00,0.00,0.00,0.00,0.00,0.00,0.00,0.00,0.00,0.00,0.00
region_3,30,6,2,region_3#30#6#2,206505,61.00,20.08,18.92,66.18,1.51,0.06,1.27,0.50,1.52,66.95,1.02,0.07,0.87,0.48,1.35,66.22,1.35,0.06,1.23,0.59,1.51,63.63,3.25,0.06,2.62,0.47,2.07
region_3,30,7,1,region_3#30#7#1,16034,0.00,0.00,0.00,0.00,0.00,0.00,0.00,0.00,0.00,0.00,0.00,0.00,0.00,0.00,0.00,0.00,0.00,0.00,0.00,0.00,0.00,0.00,0.00,0.00,0.00,0.00,0.00
region_3,30,7,2,region_3#30#7#2,71279,59.34,20.16,20.49,66.57,1.47,0.05,1.28,0.43,1.15,67.87,0.83,0.06,0.74,0.27,0.75,66.79,1.14,0.04,1.16,0.52,1.15,62.59,3.65,0.06,2.98,0.80,2.32
region_4,100,3,1,region_4#100#3#1,77267,0.00,0.00,0.00,0.00,0.00,0.00,0.00,0.00,0.00,0.00,0.00,0.00,0.00,0.00,0.00,0.00,0.00,0.00,0.00,0.00,0.00,0.00,0.00,0.00,0.00,0.00,0.00
region_4,100,5,1,region_4#100#5#1,92555,0.00,0.00,0.00,0.00,0.00,0.00,0.00,0.00,0.00,0.00,0.00,0.00,0.00,0.00,0.00,0.00,0.00,0.00,0.00,0.00,0.00,0.00,0.00,0.00,0.00,0.00,0.00
region_4,100,5,2,region_4#100#5#2,10150,27.29,35.54,37.17,57.38,7.36,0.03,6.61,0.14,3.43,57.09,7.78,0.03,6.72,0.10,3.46,61.86,4.92,0.02,4.29,0.06,2.15,53.31,9.38,0.04,8.77,0.24,4.63
region_4,100,6,1,region_4#100#6#1,43781,15.19,11.97,11.54,14.79,7.24,0.02,6.70,0.04,3.15,40.53,17.85,0.04,15.48,0.11,7.59,40.68,17.58,0.04,15.78,0.07,7.30,32.57,21.00,0.04,21.33,0.13,9.74
region_4,100,6,2,region_4#100#6#2,1255,43.68,21.48,34.83,63.94,2.38,0.08,2.96,0.44,2.01,66.08,1.14,0.05,2.26,0.18,1.46,65.46,1.81,0.05,2.31,0.19,1.57,60.31,4.30,0.13,4.25,0.92,2.97
region_4,100,6,3,region_4#100#6#3,22294,34.39,32.86,32.75,46.06,14.05,0.04,12.94,0.11,6.21,46.19,14.40,0.04,12.49,0.10,6.18,50.10,11.94,0.03,10.67,0.06,5.01,41.87,15.78,0.04,15.70,0.17,7.44
region_4,100,7,1,region_4#100#7#1,25502,0.00,0.00,0.00,0.00,0.00,0.00,0.00,0.00,0.00,0.00,0.00,0.00,0.00,0.00,0.00,0.00,0.00,0.00,0.00,0.00,0.00,0.00,0.00,0.00,0.00,0.00,0.00
region_4,90,2,1,region_4#90#2#1,19983,0.00,0.00,0.00,0.00,0.00,0.00,0.00,0.00,0.00,0.00,0.00,0.00,0.00,0.00,0.00,0.00,0.00,0.00,0.00,0.00,0.00,0.00,0.00,0.00,0.00,0.00,0.00
region_4,90,3,1,region_4#90#3#1,70606,0.00,0.00,0.00,0.00,0.00,0.00,0.00,0.00,0.00,0.00,0.00,0.00,0.00,0.00,0.00,0.00,0.00,0.00,0.00,0.00,0.00,0.00,0.00,0.00,0.00,0.00,0.00
region_4,90,3,2,region_4#90#3#2,2538,31.81,33.46,34.74,58.65,6.52,0.03,6.14,0.08,2.97,66.26,2.04,0.03,1.96,0.04,1.18,61.37,5.06,0.01,4.61,0.06,2.26,49.06,12.01,0.04,11.44,0.15,5.29
region_4,90,5,1,region_4#90#5#1,67117,0.00,0.00,0.00,0.00,0.00,0.00,0.00,0.00,0.00,0.00,0.00,0.00,0.00,0.00,0.00,0.00,0.00,0.00,0.00,0.00,0.00,0.00,0.00,0.00,0.00,0.00,0.00
region_4,90,5,2,region_4#90#5#2,74444,28.99,33.64,37.37,60.50,5.58,0.03,4.85,0.12,2.57,62.73,4.37,0.03,3.71,0.07,1.99,63.43,4.00,0.02,3.37,0.06,1.73,56.15,7.94,0.04,7.06,0.21,3.78
region_4,90,6,1,region_4#90#6#1,47397,29.31,21.18,18.73,25.74,13.68,0.03,12.25,0.07,5.66,38.98,19.04,0.04,16.38,0.10,7.81,38.17,19.26,0.04,17.09,0.07,7.77,33.28,21.44,0.04,20.44,0.12,9.22
region_4,90,6,2,region_4#90#6#2,128607,18.54,29.67,51.79,65.29,1.78,0.07,2.02,0.52,1.64,65.96,1.16,0.05,2.40,0.22,1.53,67.35,0.99,0.04,1.20,0.18,0.92,63.87,2.45,0.09,2.36,0.81,2.09
region_4,90,6,3,region_4#90#6#3,32172,37.27,31.42,31.31,46.02,14.39,0.03,12.80,0.11,6.07,45.29,15.14,0.04,12.99,0.09,6.27,48.57,13.00,0.03,11.43,0.07,5.29,44.33,14.90,0.04,13.97,0.16,6.61
region_4,90,7,1,region_4#90#7#1,6851,0.00,0.00,0.00,0.00,0.00,0.00,0.00,0.00,0.00,0.00,0.00,0.00,0.00,0.00,0.00,0.00,0.00,0.00,0.00,0.00,0.00,0.00,0.00,0.00,0.00,0.00,0.00
region_4,90,7,2,region_4#90#7#2,17494,10.63,19.44,69.94,61.94,3.64,0.08,3.83,0.60,2.44,64.95,1.51,0.06,3.31,0.19,1.77,62.11,3.85,0.04,4.22,0.25,2.26,61.44,3.91,0.09,3.80,0.76,2.59
region_4,90,7,3,region_4#90#7#3,33803,38.16,27.66,34.17,50.82,11.73,0.03,9.90,0.12,4.68,53.77,9.91,0.03,8.20,0.12,3.96,52.98,10.66,0.03,8.69,0.08,4.13,45.78,14.63,0.04,12.77,0.17,5.93
region_4,80,2,1,region_4#80#2#1,15606,0.00,0.00,0.00,0.00,0.00,0.00,0.00,0.00,0.00,0.00,0.00,0.00,0.00,0.00,0.00,0.00,0.00,0.00,0.00,0.00,0.00,0.00,0.00,0.00,0.00,0.00,0.00
region_4,80,2,2,region_4#80#2#2,292,25.11,33.43,41.45,63.81,2.58,0.03,3.31,0.40,2.06,65.95,1.29,0.02,2.57,0.15,1.49,65.41,1.71,0.02,2.57,0.29,1.55,61.21,4.05,0.06,4.35,0.64,2.81
region_4,80,2,3,region_4#80#2#3,4531,12.41,36.45,51.14,46.42,14.31,0.03,12.43,0.30,5.94,58.34,7.05,0.04,5.76,0.21,3.30,49.50,12.69,0.03,10.41,0.28,5.35,41.34,17.22,0.04,15.50,0.33,6.99
region_4,80,3,1,region_4#80#3#1,53034,0.00,0.00,0.00,0.00,0.00,0.00,0.00,0.00,0.00,0.00,0.00,0.00,0.00,0.00,0.00,0.00,0.00,0.00,0.00,0.00,0.00,0.00,0.00,0.00,0.00,0.00,0.00
region_4,80,3,2,region_4#80#3#2,30359,33.13,32.45,34.43,58.53,6.76,0.03,6.01,0.10,2.95,66.76,1.76,0.03,1.56,0.04,0.95,60.60,5.65,0.02,4.79,0.09,2.49,48.67,12.62,0.04,11.44,0.17,5.32
region_4,80,5,1,region_4#80#5#1,5265,0.00,0.00,0.00,0.00,0.00,0.00,0.00,0.00,0.00,0.00,0.00,0.00,0.00,0.00,0.00,0.00,0.00,0.00,0.00,0.00,0.00,0.00,0.00,0.00,0.00,0.00,0.00
region_4,80,5,2,region_4#80#5#2,130397,29.74,28.87,41.39,62.63,3.98,0.04,3.51,0.28,2.08,64.94,2.91,0.03,2.47,0.06,1.43,64.70,3.02,0.02,2.54,0.12,1.42,59.52,5.41,0.07,4.93,0.55,3.01
region_4,80,6,1,region_4#80#6#1,24061,40.34,25.80,19.36,31.21,17.75,0.03,15.23,0.08,7.01,36.70,20.79,0.04,17.63,0.09,8.22,37.27,20.19,0.04,17.36,0.08,7.99,35.04,21.48,0.04,18.79,0.11,8.40
region_4,80,6,2,region_4#80#6#2,190316,12.04,27.83,60.13,65.72,1.53,0.07,1.57,0.79,1.41,67.47,0.94,0.05,1.39,0.12,0.87,67.99,0.81,0.03,0.79,0.17,0.58,64.31,1.99,0.09,1.97,1.21,1.90
region_4,80,6,3,region_4#80#6#3,20391,37.68,31.21,31.11,47.87,13.64,0.03,11.61,0.09,5.51,46.28,14.79,0.04,12.46,0.07,5.98,48.57,13.22,0.03,11.29,0.06,5.23,49.09,12.66,0.03,10.91,0.14,5.22
region_4,80,7,1,region_4#80#7#1,888,0.00,0.00,0.00,0.00,0.00,0.00,0.00,0.00,0.00,0.00,0.00,0.00,0.00,0.00,0.00,0.00,0.00,0.00,0.00,0.00,0.00,0.00,0.00,0.00,0.00,0.00,0.00
region_4,80,7,2,region_4#80#7#2,20692,11.08,24.10,64.82,64.28,2.35,0.07,2.33,0.74,1.76,65.88,1.85,0.06,2.18,0.12,1.19,66.38,1.65,0.04,1.64,0.23,1.03,63.22,2.69,0.09,2.62,1.03,2.13
region_4,80,7,3,region_4#80#7#3,22203,47.72,24.41,27.87,47.93,13.73,0.03,11.35,0.11,5.35,50.32,12.18,0.03,10.10,0.10,4.80,48.08,13.93,0.03,11.13,0.09,5.36,43.71,16.23,0.04,13.70,0.15,6.30
region_4,70,2,1,region_4#70#2#1,4638,0.00,7.19,92.81,22.21,57.49,0.06,4.41,1.68,3.40,0.00,0.00,0.00,0.00,0.00,0.00,32.97,43.69,0.04,3.08,1.75,2.64,21.38,58.56,0.06,4.51,1.68,3.46
region_4,70,2,2,region_4#70#2#2,25096,17.23,27.49,55.29,61.19,7.78,0.03,2.10,0.57,1.57,65.60,3.01,0.02,1.68,0.21,1.08,64.81,4.03,0.02,1.51,0.37,1.06,58.02,11.12,0.04,2.52,0.78,1.97
region_4,70,2,3,region_4#70#2#3,10875,8.79,37.44,53.77,45.13,15.40,0.04,12.84,0.29,6.24,55.55,8.66,0.05,6.84,0.25,4.43,48.86,13.34,0.03,10.59,0.27,5.51,40.83,17.94,0.04,15.39,0.31,7.05
region_4,70,2,4,region_4#70#2#4,1521,6.16,17.16,76.69,43.17,34.85,0.02,1.27,0.64,1.11,64.34,5.21,0.03,1.22,0.27,0.93,64.12,5.75,0.02,0.78,0.65,0.70,36.78,43.74,0.03,1.39,0.67,1.22
region_4,70,3,1,region_4#70#3#1,43011,0.00,0.00,0.00,0.00,0.00,0.00,0.00,0.00,0.00,0.00,0.00,0.00,0.00,0.00,0.00,0.00,0.00,0.00,0.00,0.00,0.00,0.00,0.00,0.00,0.00,0.00,0.00
region_4,70,3,2,region_4#70#3#2,68449,32.45,32.55,35.00,57.63,7.40,0.03,6.43,0.11,3.15,66.74,1.78,0.03,1.53,0.04,0.92,59.41,6.42,0.02,5.33,0.11,2.80,47.53,13.53,0.04,11.99,0.19,5.53
region_4,70,5,2,region_4#70#5#2,134411,16.85,26.60,56.55,63.35,2.72,0.07,2.77,0.88,2.06,66.76,1.61,0.03,1.47,0.08,1.01,65.84,1.65,0.04,1.74,0.52,1.27,61.16,3.55,0.10,3.65,1.29,2.75
region_4,70,6,2,region_4#70#6#2,196271,7.48,25.27,67.25,65.30,1.93,0.07,1.67,0.85,1.46,67.40,0.87,0.04,1.45,0.15,0.97,68.00,0.82,0.03,0.78,0.21,0.59,64.05,2.47,0.09,2.02,1.16,1.84
region_4,70,7,2,region_4#70#7#2,1273,12.07,26.87,61.06,65.85,1.55,0.06,1.51,0.69,1.32,66.80,1.36,0.04,1.58,0.13,0.99,67.67,0.91,0.03,0.94,0.29,0.71,64.86,1.87,0.08,1.75,0.98,1.66
region_4,60,3,1,region_4#60#3#1,888,0.00,0.00,0.00,0.00,0.00,0.00,0.00,0.00,0.00,0.00,0.00,0.00,0.00,0.00,0.00,0.00,0.00,0.00,0.00,0.00,0.00,0.00,0.00,0.00,0.00,0.00,0.00
region_4,60,3,2,region_4#60#3#2,126464,18.98,32.11,48.91,61.07,5.15,0.03,4.33,0.29,2.38,67.00,1.53,0.02,1.49,0.06,0.92,62.98,4.16,0.02,3.34,0.13,1.91,57.52,7.19,0.04,6.08,0.48,3.25
region_4,60,5,2,region_4#60#5#2,160778,7.92,25.42,66.66,64.35,2.22,0.06,2.05,1.05,1.76,67.21,1.14,0.03,1.36,0.16,0.87,67.06,1.14,0.03,1.09,0.47,0.87,62.99,2.76,0.08,2.50,1.38,2.21
region_4,60,6,1,region_4#60#6#1,253,0.00,0.00,0.00,0.00,0.00,0.00,0.00,0.00,0.00,0.00,0.00,0.00,0.00,0.00,0.00,0.00,0.00,0.00,0.00,0.00,0.00,0.00,0.00,0.00,0.00,0.00,0.00
region_4,60,6,2,region_4#60#6#2,161578,7.01,24.68,68.31,64.81,2.28,0.07,1.68,1.00,1.54,66.36,1.42,0.04,1.82,0.25,1.19,67.45,0.96,0.04,0.88,0.48,0.79,63.69,2.84,0.08,1.96,1.27,1.85
region_4,60,7,2,region_4#60#7#2,4456,17.08,24.98,57.93,65.65,1.41,0.06,1.39,1.07,1.43,65.99,1.98,0.05,1.76,0.20,1.20,66.87,0.84,0.05,0.98,0.89,1.04,65.02,1.48,0.08,1.46,1.40,1.67
region_5,100,3,1,region_5#100#3#1,9279,0.00,0.00,0.00,0.00,0.00,0.00,0.00,0.00,0.00,0.00,0.00,0.00,0.00,0.00,0.00,0.00,0.00,0.00,0.00,0.00,0.00,0.00,0.00,0.00,0.00,0.00,0.01
region_5,100,5,1,region_5#100#5#1,58770,0.00,0.00,0.00,0.00,0.00,0.00,0.00,0.00,0.00,0.00,0.00,0.00,0.00,0.00,0.00,0.00,0.00,0.00,0.00,0.00,0.00,0.00,0.00,0.00,0.00,0.00,0.01
region_5,100,6,1,region_5#100#6#1,74236,0.00,0.00,0.00,0.00,0.00,0.00,0.00,0.00,0.00,0.00,0.00,0.00,0.00,0.00,0.00,0.00,0.00,0.00,0.00,0.00,0.00,0.00,0.00,0.00,0.00,0.00,0.01
region_5,90,3,1,region_5#90#3#1,410004,0.00,0.00,0.00,0.00,0.00,0.00,0.00,0.00,0.00,0.00,0.00,0.00,0.00,0.00,0.00,0.00,0.00,0.00,0.00,0.00,0.00,0.00,0.00,0.00,0.00,0.00,0.01
region_5,90,5,1,region_5#90#5#1,182671,0.00,0.00,0.00,0.00,0.00,0.00,0.00,0.00,0.00,0.00,0.00,0.00,0.00,0.00,0.00,0.00,0.00,0.00,0.00,0.00,0.00,0.00,0.00,0.00,0.00,0.00,0.01
region_5,90,6,1,region_5#90#6#1,173846,0.00,0.00,0.00,0.00,0.00,0.00,0.00,0.00,0.00,0.00,0.00,0.00,0.00,0.00,0.00,0.00,0.00,0.00,0.00,0.00,0.00,0.00,0.00,0.00,0.00,0.00,0.01
region_5,90,7,1,region_5#90#7#1,47035,0.00,0.00,0.00,0.00,0.00,0.00,0.00,0.00,0.00,0.00,0.00,0.00,0.00,0.00,0.00,0.00,0.00,0.00,0.00,0.00,0.00,0.00,0.00,0.00,0.00,0.00,0.01
region_5,80,3,1,region_5#80#3#1,333123,0.00,0.00,0.00,0.00,0.00,0.00,0.00,0.00,0.00,0.00,0.00,0.00,0.00,0.00,0.00,0.00,0.00,0.00,0.00,0.00,0.00,0.00,0.00,0.00,0.00,0.00,0.01
region_5,80,5,1,region_5#80#5#1,84019,0.00,0.00,0.00,0.00,0.00,0.00,0.00,0.00,0.00,0.00,0.00,0.00,0.00,0.00,0.00,0.00,0.00,0.00,0.00,0.00,0.00,0.00,0.00,0.00,0.00,0.00,0.01
region_5,80,6,1,region_5#80#6#1,98728,0.00,0.00,0.00,0.00,0.00,0.00,0.00,0.00,0.00,0.00,0.00,0.00,0.00,0.00,0.00,0.00,0.00,0.00,0.00,0.00,0.00,0.00,0.00,0.00,0.00,0.00,0.01
region_5,80,7,1,region_5#80#7#1,59468,0.00,0.00,0.00,0.00,0.00,0.00,0.00,0.00,0.00,0.00,0.00,0.00,0.00,0.00,0.00,0.00,0.00,0.00,0.00,0.00,0.00,0.00,0.00,0.00,0.00,0.00,0.01
region_6,100,3,1,region_6#100#3#1,39806,16.37,18.70,64.93,40.77,39.38,0.02,1.00,0.03,0.89,53.41,22.03,0.02,0.52,0.03,0.74,61.52,10.07,0.02,0.59,0.03,0.65,31.61,52.20,0.02,1.24,0.04,0.99
region_6,100,3,2,region_6#100#3#2,1530,12.25,33.91,53.84,57.10,8.64,0.07,3.51,1.26,3.52,60.78,4.70,0.05,2.48,1.05,3.37,62.67,5.49,0.05,1.07,0.40,2.39,52.75,11.52,0.08,5.28,1.85,4.27
region_6,100,3,4,region_6#100#3#4,40033,17.01,19.63,63.36,42.07,37.35,0.02,1.04,0.04,0.98,54.29,20.59,0.02,0.55,0.03,0.81,60.99,10.80,0.02,0.61,0.03,0.70,32.93,50.08,0.02,1.31,0.04,1.11
region_6,100,5,1,region_6#100#5#1,27900,0.00,0.00,0.00,0.00,0.00,0.00,0.00,0.00,0.00,0.00,0.00,0.00,0.00,0.00,0.00,0.00,0.00,0.00,0.00,0.00,0.00,0.00,0.00,0.00,0.00,0.00,0.00
region_6,100,6,1,region_6#100#6#1,29180,0.00,0.00,0.00,0.00,0.00,0.00,0.00,0.00,0.00,0.00,0.00,0.00,0.00,0.00,0.00,0.00,0.00,0.00,0.00,0.00,0.00,0.00,0.00,0.00,0.00,0.00,0.00
region_6,100,6,3,region_6#100#6#3,14030,42.92,20.21,36.86,50.96,18.35,0.03,1.48,3.20,2.05,49.98,19.82,0.02,1.24,3.74,1.56,54.38,12.95,0.03,1.54,3.28,2.26,50.22,19.60,0.05,1.72,2.51,2.51
region_6,100,7,1,region_6#100#7#1,29032,0.00,0.00,0.00,0.00,0.00,0.00,0.00,0.00,0.00,0.00,0.00,0.00,0.00,0.00,0.00,0.00,0.00,0.00,0.00,0.00,0.00,0.00,0.00,0.00,0.00,0.00,0.00
region_6,100,8,1,region_6#100#8#1,24111,0.00,0.00,0.00,0.00,0.00,0.00,0.00,0.00,0.00,0.00,0.00,0.00,0.00,0.00,0.00,0.00,0.00,0.00,0.00,0.00,0.00,0.00,0.00,0.00,0.00,0.00,0.00
region_6,90,3,1,region_6#90#3#1,32496,14.04,10.32,26.87,20.72,20.42,0.02,0.46,0.03,0.53,51.18,23.92,0.05,0.78,0.05,1.63,56.96,16.87,0.02,0.57,0.05,0.56,28.50,57.02,0.03,1.09,0.07,0.91
region_6,90,3,2,region_6#90#3#2,37595,45.07,22.33,32.61,66.68,1.28,0.04,0.98,0.60,1.24,67.87,0.61,0.02,0.52,0.51,0.85,67.01,1.13,0.03,0.89,0.53,1.11,64.82,2.32,0.06,1.67,0.77,1.87
region_6,90,5,1,region_6#90#5#1,8213,0.00,0.00,0.00,0.00,0.00,0.00,0.00,0.00,0.00,0.00,0.00,0.00,0.00,0.00,0.00,0.00,0.00,0.00,0.00,0.00,0.00,0.00,0.00,0.00,0.00,0.00,0.00
region_6,90,5,2,region_6#90#5#2,35549,36.04,19.38,44.59,66.64,1.22,0.03,0.95,0.58,1.46,67.65,0.54,0.02,0.48,0.57,1.25,66.82,1.08,0.03,0.89,0.58,1.33,65.75,1.83,0.04,1.35,0.59,1.67
region_6,90,6,1,region_6#90#6#1,35498,0.00,0.00,0.00,0.00,0.00,0.00,0.00,0.00,0.00,0.00,0.00,0.00,0.00,0.00,0.00,0.00,0.00,0.00,0.00,0.00,0.00,0.00,0.00,0.00,0.00,0.00,0.00
region_6,90,7,1,region_6#90#7#1,34946,0.00,0.00,0.00,0.00,0.00,0.00,0.00,0.00,0.00,0.00,0.00,0.00,0.00,0.00,0.00,0.00,0.00,0.00,0.00,0.00,0.00,0.00,0.00,0.00,0.00,0.00,0.00
region_6,90,8,1,region_6#90#8#1,49389,0.00,0.00,0.00,0.00,0.00,0.00,0.00,0.00,0.00,0.00,0.00,0.00,0.00,0.00,0.00,0.00,0.00,0.00,0.00,0.00,0.00,0.00,0.00,0.00,0.00,0.00,0.00
region_6,80,3,1,region_6#80#3#1,6811,7.59,4.74,10.19,8.94,8.65,0.01,0.30,0.29,0.29,43.89,31.59,0.02,0.79,2.35,1.20,54.53,18.56,0.02,0.84,0.98,0.87,29.69,52.76,0.04,2.00,0.68,1.53
region_6,80,3,2,region_6#80#3#2,26042,33.80,18.79,47.41,67.19,1.20,0.03,0.86,0.46,1.04,68.24,0.47,0.02,0.45,0.51,0.58,67.14,1.10,0.03,0.86,0.50,1.06,66.46,1.75,0.04,1.15,0.42,1.37
region_6,80,3,4,region_6#80#3#4,44857,24.51,24.26,51.23,42.64,37.06,0.03,0.81,0.06,0.91,52.94,22.07,0.04,0.61,0.05,1.16,59.13,13.92,0.02,0.50,0.05,0.56,29.91,55.18,0.03,1.05,0.07,0.96
region_6,80,5,1,region_6#80#5#1,39375,0.00,0.00,0.00,0.00,0.00,0.00,0.00,0.00,0.00,0.00,0.00,0.00,0.00,0.00,0.00,0.00,0.00,0.00,0.00,0.00,0.00,0.00,0.00,0.00,0.00,0.00,0.00
region_6,80,5,2,region_6#80#5#2,4721,24.31,21.38,54.30,66.91,1.41,0.03,0.82,0.54,1.16,67.76,0.77,0.02,0.46,0.64,0.76,67.38,1.21,0.02,0.64,0.44,0.95,66.34,1.78,0.03,1.06,0.54,1.41
region_6,80,6,1,region_6#80#6#1,31019,0.00,0.00,0.00,0.00,0.00,0.00,0.00,0.00,0.00,0.00,0.00,0.00,0.00,0.00,0.00,0.00,0.00,0.00,0.00,0.00,0.00,0.00,0.00,0.00,0.00,0.00,0.00
region_6,80,7,1,region_6#80#7#1,24724,0.00,0.00,0.00,0.00,0.00,0.00,0.00,0.00,0.00,0.00,0.00,0.00,0.00,0.00,0.00,0.00,0.00,0.00,0.00,0.00,0.00,0.00,0.00,0.00,0.00,0.00,0.00
region_6,80,8,1,region_6#80#8#1,12387,0.00,0.10,1.25,0.52,0.52,0.00,0.03,0.02,0.02,0.00,0.00,0.00,0.00,0.00,0.00,52.57,16.92,0.04,1.98,2.50,2.28,38.01,40.26,0.04,1.95,1.15,1.42
region_6,80,8,2,region_6#80#8#2,48219,19.21,22.43,58.36,67.59,1.12,0.02,0.50,0.64,0.64,69.00,0.47,0.01,0.20,0.19,0.22,68.40,0.54,0.02,0.39,0.55,0.44,66.81,1.55,0.03,0.64,0.83,0.85
region_6,70,3,1,region_6#70#3#1,41801,0.00,0.00,0.00,0.00,0.00,0.00,0.00,0.00,0.00,0.00,0.00,0.00,0.00,0.00,0.00,0.00,0.00,0.00,0.00,0.00,0.00,0.00,0.00,0.00,0.00,0.00,0.00
region_6,70,3,2,region_6#70#3#2,43179,28.33,26.67,45.01,64.74,4.75,0.03,0.99,0.44,1.04,67.32,1.59,0.02,0.72,0.41,0.78,67.64,1.51,0.02,0.66,0.25,0.62,61.40,8.67,0.04,1.36,0.57,1.45
region_6,70,3,4,region_6#70#3#4,6673,18.67,24.55,56.78,43.30,36.01,0.03,0.89,0.12,0.93,54.89,19.56,0.03,0.61,0.18,0.89,61.18,10.83,0.02,0.57,0.07,0.66,31.76,52.32,0.03,1.11,0.12,1.06
region_6,70,5,1,region_6#70#5#1,33772,0.00,0.00,0.00,0.00,0.00,0.00,0.00,0.00,0.00,0.00,0.00,0.00,0.00,0.00,0.00,0.00,0.00,0.00,0.00,0.00,0.00,0.00,0.00,0.00,0.00,0.00,0.00
region_6,70,5,2,region_6#70#5#2,83463,19.36,26.97,53.67,67.40,1.05,0.03,0.58,0.65,0.95,68.12,0.63,0.02,0.40,0.43,0.67,68.72,0.61,0.01,0.24,0.23,0.40,66.47,1.41,0.04,0.81,0.94,1.33
region_6,70,6,1,region_6#70#6#1,124546,0.00,0.00,0.00,0.00,0.00,0.00,0.00,0.00,0.00,0.00,0.00,0.00,0.00,0.00,0.00,0.00,0.00,0.00,0.00,0.00,0.00,0.00,0.00,0.00,0.00,0.00,0.00
region_6,70,6,2,region_6#70#6#2,14203,19.69,32.81,47.50,66.41,1.49,0.03,0.78,1.10,0.98,67.43,0.59,0.02,0.52,1.05,0.60,67.98,0.62,0.02,0.42,0.75,0.53,64.90,2.47,0.04,1.14,1.36,1.44
region_6,70,7,1,region_6#70#7#1,168858,0.00,0.00,0.00,0.00,0.00,0.00,0.00,0.00,0.00,0.00,0.00,0.00,0.00,0.00,0.00,0.00,0.00,0.00,0.00,0.00,0.00,0.00,0.00,0.00,0.00,0.00,0.00
region_6,70,7,2,region_6#70#7#2,17442,23.64,26.53,49.83,67.39,1.11,0.02,0.59,0.62,0.66,68.82,0.45,0.01,0.24,0.26,0.26,67.81,0.60,0.02,0.42,0.68,0.53,66.50,1.69,0.03,0.85,0.75,0.92
region_6,70,8,1,region_6#70#8#1,7638,0.00,0.00,0.00,0.00,0.00,0.00,0.00,0.00,0.00,0.00,0.00,0.00,0.00,0.00,0.00,0.00,0.00,0.00,0.00,0.00,0.00,0.00,0.00,0.00,0.00,0.00,0.00
region_6,70,8,2,region_6#70#8#2,7483,24.82,24.17,51.01,67.43,1.17,0.02,0.50,0.64,0.62,68.81,0.49,0.01,0.22,0.28,0.26,67.55,0.68,0.02,0.40,0.81,0.56,66.71,1.73,0.03,0.67,0.73,0.83
region_6,60,3,1,region_6#60#3#1,24430,5.99,9.48,26.38,16.99,16.23,0.01,0.54,0.08,0.58,56.02,16.88,0.03,0.83,0.43,1.13,59.62,11.68,0.02,1.09,0.09,1.26,30.24,53.48,0.03,1.46,0.16,1.47
region_6,60,3,2,region_6#60#3#2,94851,32.44,27.80,39.76,65.13,3.79,0.04,1.09,0.54,1.11,66.48,2.42,0.03,0.95,0.42,0.84,66.84,2.32,0.02,0.77,0.33,0.74,62.85,5.95,0.05,1.43,0.78,1.59
region_6,60,3,4,region_6#60#3#4,41286,18.16,21.21,60.63,43.36,35.64,0.03,0.94,0.20,0.91,56.73,16.65,0.04,0.71,0.29,0.78,61.81,9.70,0.02,0.71,0.10,0.70,32.91,50.40,0.03,1.10,0.21,1.03
region_6,60,5,1,region_6#60#5#1,31310,0.00,0.00,0.00,0.00,0.00,0.00,0.00,0.00,0.00,0.00,0.00,0.00,0.00,0.00,0.00,0.00,0.00,0.00,0.00,0.00,0.00,0.00,0.00,0.00,0.00,0.00,0.00
region_6,60,5,2,region_6#60#5#2,82842,30.95,29.02,40.03,67.31,1.09,0.03,0.70,0.71,0.84,67.84,0.90,0.02,0.64,0.48,0.63,68.38,0.66,0.01,0.42,0.40,0.52,66.12,1.54,0.04,0.95,1.11,1.24
region_6,60,6,1,region_6#60#6#1,71521,0.00,0.00,0.00,0.00,0.00,0.00,0.00,0.00,0.00,0.00,0.00,0.00,0.00,0.00,0.00,0.00,0.00,0.00,0.00,0.00,0.00,0.00,0.00,0.00,0.00,0.00,0.00
region_6,60,6,2,region_6#60#6#2,77520,24.35,32.34,43.31,67.24,0.72,0.03,0.68,1.20,0.89,67.10,0.44,0.02,0.70,1.50,0.82,68.31,0.43,0.02,0.42,0.80,0.57,66.51,1.09,0.04,0.85,1.33,1.18
region_6,60,7,1,region_6#60#7#1,163839,0.00,0.00,0.00,0.00,0.00,0.00,0.00,0.00,0.00,0.00,0.00,0.00,0.00,0.00,0.00,0.00,0.00,0.00,0.00,0.00,0.00,0.00,0.00,0.00,0.00,0.00,0.00
region_6,60,7,2,region_6#60#7#2,58600,20.15,27.02,52.83,66.84,1.16,0.02,0.67,0.96,0.94,67.51,0.82,0.01,0.42,0.95,0.67,67.53,0.71,0.01,0.43,0.88,0.71,66.23,1.53,0.03,0.89,1.00,1.17
region_6,60,8,1,region_6#60#8#1,1768,0.00,0.00,0.00,0.00,0.00,0.00,0.00,0.00,0.00,0.00,0.00,0.00,0.00,0.00,0.00,0.00,0.00,0.00,0.00,0.00,0.00,0.00,0.00,0.00,0.00,0.00,0.00
region_6,50,3,2,region_6#50#3#2,134837,36.22,26.22,37.56,64.56,4.28,0.04,1.21,0.56,1.20,66.49,2.39,0.03,1.08,0.35,0.85,66.76,2.11,0.02,0.88,0.32,0.86,61.14,7.62,0.06,1.56,0.94,1.77
region_6,50,3,3,region_6#50#3#3,21165,23.27,18.76,57.97,45.29,32.83,0.03,0.89,0.32,0.84,57.95,14.96,0.04,0.75,0.36,0.61,62.45,9.03,0.02,0.71,0.17,0.56,34.65,47.71,0.03,1.01,0.35,1.01
region_6,50,5,2,region_6#50#5#2,263449,32.21,29.02,38.76,66.88,1.55,0.04,0.85,0.58,0.93,67.59,1.13,0.02,0.80,0.40,0.70,68.01,0.84,0.02,0.56,0.36,0.68,65.44,2.43,0.06,1.09,0.89,1.30
region_6,50,5,4,region_6#50#5#4,19832,24.79,13.54,57.21,44.54,29.83,0.03,0.72,0.37,0.69,61.80,10.34,0.03,0.56,0.19,0.45,60.58,11.24,0.03,0.71,0.46,0.63,36.74,45.01,0.03,0.85,0.45,0.87
region_6,50,6,1,region_6#50#6#1,33583,0.00,0.00,0.00,0.00,0.00,0.00,0.00,0.00,0.00,0.00,0.00,0.00,0.00,0.00,0.00,0.00,0.00,0.00,0.00,0.00,0.00,0.00,0.00,0.00,0.00,0.00,0.00
region_6,50,6,2,region_6#50#6#2,222377,27.23,29.56,43.20,67.17,1.13,0.03,0.77,0.80,0.82,68.25,0.51,0.01,0.50,0.59,0.48,68.31,0.57,0.02,0.48,0.55,0.52,65.70,1.91,0.04,1.14,1.10,1.24
region_6,50,6,4,region_6#50#6#4,6141,11.00,12.51,76.49,43.41,34.78,0.03,1.08,0.61,1.02,60.55,11.39,0.03,0.74,0.31,0.52,61.01,10.21,0.02,0.71,0.62,0.76,38.07,42.16,0.03,1.19,0.65,1.13
region_6,50,7,1,region_6#50#7#1,50184,0.00,0.00,0.00,0.00,0.00,0.00,0.00,0.00,0.00,0.00,0.00,0.00,0.00,0.00,0.00,0.00,0.00,0.00,0.00,0.00,0.00,0.00,0.00,0.00,0.00,0.00,0.00
region_6,50,7,2,region_6#50#7#2,72196,23.74,28.01,48.25,67.23,0.79,0.02,0.65,0.91,0.87,68.15,0.35,0.01,0.39,0.82,0.56,67.97,0.37,0.01,0.40,0.78,0.62,66.35,1.24,0.03,0.92,1.03,1.16
region_7,100,3,1,region_7#100#3#1,101433,27.96,17.81,54.23,38.92,42.65,0.02,0.60,0.04,0.71,49.68,27.71,0.02,0.33,0.02,0.60,59.90,13.05,0.03,0.37,0.05,0.61,26.49,60.07,0.02,0.82,0.04,0.80
region_7,100,3,2,region_7#100#3#2,1572,19.35,32.56,48.09,59.19,12.02,0.09,0.97,0.13,1.86,66.16,1.11,0.13,0.77,0.25,2.67,66.69,1.70,0.11,0.65,0.11,1.95,51.31,23.39,0.06,1.27,0.10,1.48
region_7,100,3,3,region_7#100#3#3,1791,21.81,26.17,52.02,49.52,24.16,0.15,1.32,0.14,3.16,58.07,10.54,0.26,0.60,0.10,5.13,60.73,8.86,0.16,0.65,0.10,3.21,40.30,37.56,0.10,1.96,0.17,2.32
region_7,100,3,4,region_7#100#3#4,6110,28.72,18.04,53.23,44.61,34.36,0.02,0.83,0.02,0.72,59.81,13.55,0.02,0.38,0.01,0.37,62.63,9.05,0.03,0.58,0.02,0.59,30.30,54.17,0.02,1.16,0.02,0.96
region_7,100,5,1,region_7#100#5#1,16025,29.95,18.25,51.80,38.98,42.65,0.02,0.55,0.07,0.55,49.54,28.06,0.02,0.34,0.02,0.47,59.62,13.27,0.03,0.38,0.14,0.49,25.61,61.43,0.02,0.72,0.07,0.61
region_7,100,5,4,region_7#100#5#4,9986,27.91,24.55,47.54,44.42,34.98,0.03,0.59,0.04,0.46,58.56,14.94,0.03,0.54,0.02,0.43,61.02,11.37,0.05,0.51,0.07,0.37,27.54,58.93,0.03,0.66,0.04,0.52
region_7,100,9,1,region_7#100#9#1,13300,28.18,21.01,50.81,40.99,39.97,0.03,0.52,0.01,0.60,51.93,24.48,0.03,0.35,0.01,0.60,59.32,14.01,0.04,0.31,0.01,0.58,27.35,59.31,0.02,0.70,0.01,0.61
region_7,100,9,2,region_7#100#9#2,2238,19.26,26.40,54.34,58.39,13.06,0.06,1.21,0.04,2.00,62.99,4.75,0.07,1.90,0.03,3.03,65.59,2.99,0.06,0.92,0.04,2.02,53.26,20.90,0.05,1.10,0.04,1.63
region_7,100,9,4,region_7#100#9#4,2564,19.15,22.01,58.84,42.35,37.92,0.03,0.61,0.01,0.68,56.05,18.52,0.03,0.44,0.01,0.60,60.37,12.32,0.04,0.35,0.01,0.72,31.14,53.82,0.02,0.76,0.01,0.69
region_7,100,10,1,region_7#100#10#1,13091,6.84,16.10,77.06,40.16,40.04,0.03,1.18,0.01,1.11,55.34,16.11,0.06,2.10,0.01,2.26,61.89,9.35,0.06,0.63,0.02,1.29,34.27,48.58,0.03,1.22,0.01,0.97
region_7,100,10,2,region_7#100#10#2,11437,10.05,26.28,63.67,55.87,17.49,0.04,1.06,0.02,1.44,63.24,3.56,0.09,2.46,0.03,3.35,65.52,4.06,0.05,0.74,0.02,1.36,50.73,25.24,0.04,0.97,0.02,1.17
region_7,100,10,3,region_7#100#10#3,38024,17.23,23.77,59.00,45.22,33.62,0.04,0.72,0.01,0.94,61.22,10.44,0.05,0.68,0.01,1.37,62.79,8.53,0.05,0.63,0.01,1.10,33.46,50.50,0.03,0.77,0.01,0.76
region_7,100,11,1,region_7#100#11#1,20580,17.08,18.99,63.93,37.08,45.12,0.04,0.87,0.03,1.01,50.79,26.01,0.05,0.39,0.01,0.91,48.57,28.93,0.05,0.67,0.02,1.08,30.01,55.04,0.03,1.06,0.03,1.01
region_7,100,11,4,region_7#100#11#4,27875,27.89,23.11,48.99,43.24,37.00,0.03,0.63,0.01,0.85,57.87,16.67,0.03,0.38,0.01,0.66,56.71,17.50,0.05,0.70,0.01,1.15,28.57,57.77,0.03,0.74,0.01,0.82
region_7,100,12,1,region_7#100#12#1,1719,15.61,18.29,66.10,37.95,43.28,0.04,1.06,0.03,1.31,49.75,26.96,0.06,0.40,0.01,1.46,50.48,25.63,0.05,0.75,0.03,1.46,31.69,52.02,0.03,1.31,0.04,1.24
region_7,90,3,1,region_7#90#3#1,128984,21.45,18.60,59.96,40.00,40.87,0.03,0.78,0.04,0.75,55.37,19.35,0.03,0.44,0.03,0.69,61.30,10.79,0.04,0.46,0.04,0.72,27.90,57.89,0.03,0.99,0.05,0.78
region_7,90,3,2,region_7#90#3#2,8522,15.05,35.63,49.31,61.68,9.15,0.06,0.80,0.21,1.36,66.34,2.20,0.08,0.44,0.30,1.83,67.14,2.11,0.06,0.47,0.16,1.17,56.32,16.36,0.06,1.15,0.22,1.36
region_7,90,3,3,region_7#90#3#3,11905,12.02,25.16,62.82,51.75,21.27,0.12,1.71,0.15,2.60,62.26,5.89,0.19,0.74,0.08,3.59,62.84,6.46,0.14,0.74,0.11,2.69,45.30,30.15,0.09,2.28,0.18,2.37
region_7,90,3,4,region_7#90#3#4,18304,19.72,18.24,62.04,43.00,36.04,0.04,1.08,0.05,1.05,59.64,13.06,0.04,0.59,0.04,0.88,62.95,8.16,0.05,0.61,0.04,1.01,31.84,51.54,0.04,1.37,0.05,1.11
region_7,90,5,1,region_7#90#5#1,52232,21.08,19.91,57.11,38.97,40.80,0.03,0.55,0.04,0.55,53.42,22.34,0.04,0.41,0.02,0.59,60.50,12.05,0.05,0.39,0.03,0.62,27.43,59.00,0.03,0.68,0.05,0.52
region_7,90,5,3,region_7#90#5#3,1036,20.51,27.69,51.80,45.28,31.69,0.16,0.61,0.09,2.71,57.01,12.51,0.27,0.68,0.14,4.97,59.59,10.88,0.19,0.52,0.07,3.04,32.98,50.41,0.09,0.63,0.08,1.63
region_7,90,5,4,region_7#90#5#4,38580,19.76,23.00,57.24,43.92,35.76,0.03,0.62,0.03,0.55,58.22,15.62,0.03,0.46,0.02,0.46,62.08,9.91,0.05,0.47,0.03,0.58,31.68,53.10,0.03,0.73,0.03,0.57
region_7,90,6,1,region_7#90#6#1,12077,22.03,20.22,57.75,40.13,41.08,0.02,0.64,0.03,0.65,54.50,20.86,0.02,0.43,0.02,0.52,59.50,13.59,0.03,0.47,0.03,0.67,27.87,58.42,0.02,0.78,0.04,0.69
region_7,90,8,2,region_7#90#8#2,3459,24.00,28.33,47.67,59.08,11.99,0.05,1.07,0.07,2.12,63.77,4.42,0.07,1.15,0.04,3.02,65.57,3.03,0.06,0.81,0.06,2.08,52.86,21.12,0.04,1.19,0.09,1.70
region_7,90,8,4,region_7#90#8#4,5881,17.43,25.91,56.67,42.21,37.83,0.03,0.73,0.03,0.73,59.47,13.26,0.02,0.48,0.01,0.82,61.59,10.65,0.03,0.46,0.01,0.50,28.04,57.81,0.03,0.94,0.04,0.81
region_7,90,9,1,region_7#90#9#1,43920,45.98,16.49,37.53,39.56,42.01,0.02,0.47,0.01,0.59,45.95,33.02,0.02,0.32,0.01,0.61,53.67,22.06,0.02,0.38,0.01,0.51,25.53,61.80,0.02,0.68,0.01,0.59
region_7,90,9,2,region_7#90#9#2,2691,13.41,33.25,53.34,57.81,15.25,0.04,0.66,0.03,1.34,64.39,4.86,0.06,0.73,0.03,2.23,67.14,2.40,0.04,0.40,0.02,1.00,50.35,25.87,0.03,0.80,0.04,1.33
region_7,90,9,4,region_7#90#9#4,25019,19.39,23.05,57.56,43.03,36.78,0.03,0.65,0.01,0.77,58.34,14.77,0.03,0.51,0.02,0.96,61.46,10.65,0.04,0.38,0.01,0.75,30.49,54.65,0.02,0.81,0.01,0.72
region_7,90,10,1,region_7#90#10#1,16531,12.36,18.63,69.02,40.87,39.13,0.04,1.06,0.01,1.08,57.18,14.34,0.06,1.65,0.01,1.88,62.61,8.38,0.06,0.61,0.01,1.21,32.09,51.86,0.03,1.08,0.01,0.91
region_7,90,10,2,region_7#90#10#2,4053,9.27,31.24,59.49,59.14,12.90,0.04,0.90,0.02,1.45,64.86,1.78,0.07,2.38,0.03,2.94,66.53,2.90,0.04,0.58,0.02,1.20,54.36,19.88,0.03,0.84,0.03,1.36
region_7,90,10,3,region_7#90#10#3,112950,18.96,23.40,57.64,45.65,32.63,0.04,0.92,0.02,1.02,53.67,20.91,0.05,0.90,0.01,1.35,61.52,10.15,0.05,0.68,0.01,1.07,36.56,45.60,0.03,1.03,0.02,0.89
region_7,90,11,1,region_7#90#11#1,58756,19.78,20.43,59.79,39.38,42.21,0.03,0.72,0.02,0.84,52.09,24.46,0.03,0.45,0.01,0.71,51.45,25.01,0.04,0.63,0.01,0.92,31.06,53.97,0.03,0.84,0.02,0.86
region_7,90,11,4,region_7#90#11#4,58255,24.17,21.45,54.37,44.07,35.78,0.03,0.65,0.01,0.77,57.94,16.43,0.03,0.41,0.01,0.62,58.23,15.48,0.04,0.59,0.01,0.89,32.31,52.40,0.02,0.79,0.02,0.80
region_7,90,12,1,region_7#90#12#1,34406,16.89,19.65,63.46,39.90,40.91,0.03,0.88,0.03,1.09,49.93,26.92,0.04,0.51,0.01,1.13,51.58,24.53,0.04,0.64,0.02,1.05,33.61,49.70,0.03,1.05,0.04,1.10
region_7,80,2,1,region_7#80#2#1,4707,13.73,19.41,66.86,41.10,39.45,0.03,0.84,0.03,0.67,63.32,8.44,0.03,0.42,0.02,0.49,62.60,9.09,0.03,0.58,0.02,0.67,30.29,54.63,0.02,1.00,0.03,0.71
region_7,80,2,4,region_7#80#2#4,1021,13.06,17.87,69.08,42.84,36.88,0.02,0.89,0.02,0.70,62.72,9.09,0.02,0.48,0.02,0.53,63.65,7.40,0.03,0.68,0.02,0.77,33.70,49.76,0.02,1.02,0.03,0.71
region_7,80,3,1,region_7#80#3#1,233407,18.08,18.00,63.92,40.06,40.85,0.03,0.79,0.04,0.81,58.55,14.87,0.03,0.45,0.03,0.69,61.16,11.05,0.04,0.43,0.03,0.80,28.89,56.59,0.03,0.99,0.04,0.84
region_7,80,3,2,region_7#80#3#2,41174,21.73,29.23,49.04,58.74,12.25,0.09,1.25,0.24,1.95,64.86,3.06,0.10,1.00,0.29,2.28,65.50,3.27,0.09,0.76,0.23,1.86,51.99,21.68,0.08,1.65,0.24,1.86
region_7,80,3,4,region_7#80#3#4,33914,15.02,20.18,64.80,43.86,34.24,0.06,1.20,0.04,1.43,60.27,11.61,0.07,0.53,0.03,1.64,63.09,7.37,0.07,0.57,0.03,1.50,34.06,47.86,0.05,1.56,0.04,1.36
region_7,80,5,1,region_7#80#5#1,107423,19.34,20.65,60.01,40.61,40.55,0.03,0.55,0.03,0.62,54.75,20.54,0.03,0.34,0.03,0.56,59.94,12.99,0.03,0.40,0.03,0.66,29.39,56.48,0.02,0.67,0.03,0.63
region_7,80,5,4,region_7#80#5#4,38967,17.94,22.54,59.52,43.52,36.51,0.02,0.58,0.02,0.50,59.36,13.80,0.03,0.52,0.02,0.49,62.52,9.50,0.03,0.44,0.02,0.38,31.55,53.58,0.02,0.66,0.02,0.55
region_7,80,6,1,region_7#80#6#1,28627,21.40,20.60,58.00,39.67,41.88,0.02,0.45,0.03,0.51,56.14,18.53,0.02,0.32,0.02,0.38,58.41,15.21,0.02,0.35,0.03,0.53,26.94,59.96,0.02,0.53,0.04,0.56
region_7,80,6,4,region_7#80#6#4,170,17.10,21.35,61.55,42.31,36.19,0.04,1.38,0.05,1.49,61.49,9.92,0.03,0.77,0.03,0.91,62.26,8.55,0.04,0.68,0.03,1.28,30.06,53.07,0.04,1.78,0.06,1.71
region_7,80,7,1,region_7#80#7#1,7576,7.44,16.63,75.92,41.54,38.02,0.03,1.09,0.05,1.19,61.00,11.06,0.03,0.59,0.02,0.91,63.17,7.72,0.03,0.68,0.03,1.01,34.89,47.30,0.03,1.22,0.05,1.25
region_7,80,7,2,region_7#80#7#2,6661,23.42,30.50,46.08,62.84,6.26,0.06,1.40,0.10,2.08,66.33,1.40,0.06,1.30,0.07,2.15,66.33,2.31,0.05,0.91,0.06,1.68,58.75,95.10,0.62,12.96,0.93,18.54
region_7,80,7,4,region_7#80#7#4,18745,12.03,20.91,67.06,43.89,35.79,0.02,0.67,0.02,0.61,60.81,11.96,0.02,0.50,0.02,0.51,64.17,7.26,0.02,0.46,0.01,0.46,34.53,48.96,0.02,0.77,0.03,0.68
region_7,80,8,1,region_7#80#8#1,10111,17.26,26.45,56.29,40.64,40.43,0.02,0.62,0.01,0.54,59.16,14.38,0.01,0.31,0.01,0.41,61.76,10.86,0.02,0.33,0.01,0.39,25.04,62.32,0.02,0.85,0.01,0.65
region_7,80,8,2,region_7#80#8#2,24755,25.30,30.26,44.44,62.14,7.89,0.05,1.02,0.08,1.90,65.47,2.41,0.06,1.13,0.04,2.60,66.27,2.37,0.05,0.79,0.07,1.80,57.44,14.77,0.04,1.12,0.10,1.56
region_7,80,8,3,region_7#80#8#3,53802,15.27,23.76,60.97,47.89,29.63,0.03,0.88,0.06,0.68,65.79,4.89,0.02,0.52,0.02,0.39,64.96,5.76,0.03,0.56,0.04,0.60,36.76,45.13,0.03,1.09,0.08,0.79
region_7,80,9,1,region_7#80#9#1,59303,42.01,19.63,38.35,40.10,41.49,0.02,0.40,0.01,0.47,48.36,29.82,0.02,0.27,0.01,0.46,55.04,20.33,0.02,0.30,0.01,0.44,23.41,65.10,0.02,0.59,0.01,0.49
region_7,80,9,2,region_7#80#9#2,5720,5.76,34.69,59.55,58.14,14.98,0.02,0.98,0.01,0.96,64.59,6.70,0.03,0.45,0.02,0.80,67.40,2.73,0.02,0.31,0.01,0.45,52.11,22.92,0.02,1.42,0.02,1.27
region_7,80,9,3,region_7#80#9#3,27787,15.64,25.20,59.16,45.86,32.87,0.02,0.54,0.02,0.74,58.96,13.77,0.02,0.39,0.02,1.33,62.86,8.79,0.03,0.38,0.02,0.68,35.15,48.19,0.02,0.65,0.01,0.62
region_7,80,10,1,region_7#80#10#1,14503,27.10,19.54,53.36,40.33,39.95,0.04,1.04,0.02,1.16,46.20,32.00,0.04,0.71,0.02,1.10,55.29,18.67,0.06,0.79,0.02,1.29,31.86,51.79,0.04,1.30,0.03,1.14
region_7,80,10,3,region_7#80#10#3,131819,14.90,25.82,59.28,46.94,30.67,0.03,1.01,0.02,0.99,52.71,22.52,0.04,0.78,0.01,1.17,61.70,9.84,0.04,0.77,0.01,0.99,39.06,41.78,0.03,1.17,0.02,0.94
region_7,80,11,1,region_7#80#11#1,74779,18.91,19.02,62.08,39.40,41.58,0.03,0.94,0.03,1.03,48.01,29.91,0.03,0.56,0.02,0.83,52.96,22.47,0.04,0.67,0.02,1.01,32.62,50.99,0.03,1.14,0.04,1.10
region_7,80,11,2,region_7#80#11#2,11668,39.73,41.74,18.54,61.53,3.13,0.13,3.10,0.06,5.61,62.92,1.09,0.14,3.10,0.04,5.73,61.46,2.39,0.14,3.43,0.07,5.91,58.72,9.14,0.09,2.38,0.06,4.69
region_7,80,11,4,region_7#80#11#4,81304,21.82,20.43,57.74,43.45,36.17,0.03,0.81,0.02,0.88,53.31,22.72,0.03,0.52,0.01,0.74,56.97,16.92,0.03,0.67,0.01,0.91,34.94,48.06,0.03,0.97,0.03,0.92
region_7,80,12,1,region_7#80#12#1,68134,14.76,18.40,66.84,39.41,41.46,0.03,0.95,0.05,1.11,51.83,25.07,0.02,0.36,0.01,0.55,51.63,24.78,0.03,0.50,0.02,0.73,33.30,49.68,0.03,1.21,0.06,1.34
region_7,80,12,2,region_7#80#12#2,4936,41.95,42.07,15.98,61.70,2.33,0.15,3.28,0.06,6.05,62.89,0.88,0.15,3.28,0.04,5.97,61.30,2.05,0.16,3.53,0.07,6.45,59.61,6.88,0.10,2.66,0.08,5.20
region_7,80,12,4,region_7#80#12#4,27304,13.77,21.71,64.52,43.16,36.08,0.03,0.99,0.03,1.07,52.02,24.37,0.03,0.51,0.01,0.72,55.67,18.72,0.03,0.63,0.02,0.84,37.06,44.42,0.03,1.21,0.04,1.23
region_7,70,1,1,region_7#70#1#1,8331,1.76,1.92,9.18,3.72,7.02,0.01,0.15,0.03,0.26,40.78,38.93,0.04,0.54,0.42,1.27,48.41,27.20,0.06,0.75,0.41,2.07,22.55,63.25,0.07,1.42,0.19,2.13
region_7,70,1,2,region_7#70#1#2,1358,12.09,32.07,55.84,59.85,9.17,0.09,2.33,0.13,2.28,61.03,2.92,0.17,4.02,0.19,4.67,65.26,2.27,0.09,1.72,0.13,2.10,56.49,14.49,0.08,2.31,0.12,1.87
region_7,70,1,3,region_7#70#1#3,5870,6.53,25.34,68.12,48.89,25.30,0.08,1.89,0.13,2.28,61.40,6.21,0.09,2.38,0.15,3.30,63.38,5.70,0.06,1.25,0.08,1.80,42.29,34.42,0.08,2.08,0.14,2.35
region_7,70,2,1,region_7#70#2#1,26645,9.33,16.01,56.65,32.53,33.56,0.03,0.86,0.07,0.76,59.06,14.04,0.03,0.53,0.04,0.66,63.28,7.45,0.04,0.66,0.09,0.90,29.81,54.83,0.04,1.25,0.10,0.98
region_7,70,2,2,region_7#70#2#2,18161,12.93,33.80,53.27,61.89,8.44,0.05,1.25,0.10,1.25,65.49,3.97,0.03,0.94,0.06,0.92,65.43,3.64,0.04,0.91,0.14,1.18,58.78,12.56,0.05,1.54,0.09,1.38
region_7,70,2,4,region_7#70#2#4,39517,11.32,22.56,66.13,44.58,34.15,0.04,0.89,0.06,0.86,62.19,9.50,0.04,0.45,0.02,0.81,64.76,5.55,0.04,0.52,0.04,0.74,34.69,48.12,0.04,1.08,0.07,0.91
region_7,70,3,1,region_7#70#3#1,339386,35.37,16.46,48.17,39.25,42.40,0.03,0.55,0.06,0.67,48.96,28.80,0.03,0.40,0.03,0.49,56.77,17.35,0.05,0.40,0.11,0.80,26.14,60.95,0.03,0.72,0.07,0.75
region_7,70,3,2,region_7#70#3#2,51706,17.75,27.62,54.63,55.74,16.84,0.10,1.16,0.10,2.00,63.65,4.60,0.14,0.97,0.12,2.72,64.50,4.61,0.11,0.77,0.11,2.09,48.75,26.99,0.07,1.43,0.09,1.72
region_7,70,3,4,region_7#70#3#4,103751,13.31,21.76,64.93,44.25,34.49,0.04,0.92,0.05,0.99,62.10,9.71,0.04,0.45,0.03,0.83,64.60,5.83,0.04,0.46,0.06,0.89,33.77,49.17,0.04,1.16,0.06,1.06
region_7,70,5,1,region_7#70#5#1,157730,17.71,21.45,60.84,40.08,41.30,0.03,0.53,0.04,0.61,55.65,19.14,0.03,0.43,0.04,0.65,60.15,12.72,0.03,0.39,0.03,0.62,28.47,57.84,0.02,0.60,0.04,0.59
region_7,70,5,4,region_7#70#5#4,23735,18.16,24.57,57.27,42.41,37.95,0.03,0.53,0.06,0.67,56.17,18.35,0.03,0.44,0.05,0.70,60.71,11.89,0.03,0.40,0.06,0.67,30.19,55.35,0.03,0.61,0.06,0.65
region_7,70,6,1,region_7#70#6#1,35228,25.41,17.09,57.50,36.09,46.32,0.03,0.83,0.04,0.94,52.27,23.73,0.03,0.43,0.03,0.72,56.37,17.41,0.04,0.54,0.07,1.03,22.91,64.90,0.03,1.09,0.04,1.00
region_7,70,6,4,region_7#70#6#4,48251,14.16,23.81,62.03,44.00,34.97,0.05,0.81,0.04,1.12,62.51,8.31,0.08,0.55,0.03,1.49,63.74,7.09,0.05,0.53,0.03,1.05,32.19,51.75,0.04,0.98,0.04,1.07
region_7,70,7,1,region_7#70#7#1,1867,17.15,17.18,65.66,41.83,38.65,0.02,0.67,0.03,0.68,55.13,20.09,0.03,0.29,0.03,0.61,60.50,12.09,0.02,0.47,0.03,0.71,33.47,50.45,0.02,0.82,0.03,0.69
region_7,70,7,2,region_7#70#7#2,2956,14.12,23.78,62.09,54.37,14.85,0.08,2.83,0.31,3.73,62.24,5.18,0.07,2.07,0.23,3.25,62.54,5.00,0.08,1.75,0.19,3.23,49.45,20.83,0.09,3.41,0.38,4.03
region_7,70,7,4,region_7#70#7#4,76024,13.20,19.96,66.84,43.56,35.58,0.03,0.87,0.03,1.05,58.84,14.09,0.03,0.52,0.03,1.07,63.86,7.04,0.03,0.48,0.03,0.94,34.48,48.35,0.03,1.06,0.03,1.08
region_7,70,8,1,region_7#70#8#1,51886,15.48,21.86,62.66,40.49,39.32,0.03,1.12,0.29,1.02,55.17,19.86,0.02,0.45,0.11,0.46,59.64,12.82,0.03,0.70,0.13,0.80,30.19,53.37,0.04,1.44,0.40,1.23
region_7,70,8,2,region_7#70#8#2,6027,20.98,19.96,59.05,60.52,10.32,0.04,1.22,0.24,1.42,67.48,1.08,0.04,0.74,0.17,1.35,67.18,2.10,0.04,0.64,0.07,1.06,55.81,16.39,0.05,1.59,0.33,1.57
region_7,70,8,3,region_7#70#8#3,1715,6.34,17.16,76.50,45.85,28.53,0.06,2.78,0.29,2.25,64.57,5.56,0.05,0.60,0.18,1.40,63.58,5.02,0.08,1.03,0.29,2.10,40.33,35.71,0.06,3.36,0.30,2.35
region_7,70,8,4,region_7#70#8#4,65275,13.93,21.43,64.64,44.20,34.66,0.03,0.91,0.10,0.90,60.00,12.84,0.02,0.51,0.04,0.63,63.16,8.08,0.03,0.59,0.07,0.76,34.51,48.17,0.03,1.10,0.13,1.00
region_7,70,9,1,region_7#70#9#1,47006,41.90,19.60,38.50,40.41,40.94,0.03,0.45,0.03,0.57,48.07,30.19,0.02,0.32,0.02,0.52,55.02,20.16,0.03,0.35,0.03,0.58,24.63,63.23,0.03,0.64,0.04,0.62
region_7,70,9,2,region_7#70#9#2,4610,4.05,27.07,68.88,59.22,12.37,0.03,1.48,0.02,1.24,64.29,5.89,0.04,0.86,0.02,1.28,65.69,4.48,0.03,0.52,0.02,0.88,56.38,15.84,0.03,1.89,0.02,1.38
region_7,70,9,3,region_7#70#9#3,23073,14.60,25.40,60.01,45.61,33.28,0.03,0.52,0.02,0.74,61.90,9.94,0.02,0.31,0.02,1.10,63.20,8.42,0.03,0.33,0.02,0.69,34.21,49.48,0.02,0.65,0.02,0.68
region_7,70,10,1,region_7#70#10#1,33541,25.44,20.98,53.58,40.02,40.07,0.04,1.32,0.03,1.22,39.45,42.00,0.04,0.68,0.02,0.79,54.48,19.75,0.05,0.97,0.02,1.25,34.63,47.10,0.04,1.76,0.03,1.41
region_7,70,10,3,region_7#70#10#3,117663,15.45,24.06,60.48,46.66,31.09,0.03,1.03,0.02,0.96,55.37,18.99,0.04,0.73,0.02,0.96,62.18,9.10,0.03,0.86,0.01,1.00,38.25,42.92,0.03,1.17,0.02,0.95
region_7,70,11,1,region_7#70#11#1,154623,23.77,18.38,57.85,40.59,40.44,0.03,0.78,0.02,0.75,49.81,28.13,0.02,0.42,0.02,0.42,56.45,17.92,0.03,0.59,0.02,0.75,31.77,52.65,0.03,0.99,0.03,0.89
region_7,70,11,2,region_7#70#11#2,2955,30.60,34.48,34.92,60.51,6.67,0.10,2.46,0.04,4.16,62.95,1.44,0.13,2.92,0.04,5.44,62.05,3.15,0.13,2.91,0.05,4.85,56.85,14.72,0.05,1.60,0.03,2.36
region_7,70,11,4,region_7#70#11#4,6611,30.92,21.23,47.85,43.81,35.60,0.03,0.95,0.02,0.83,58.97,14.75,0.02,0.57,0.02,0.50,57.24,16.21,0.04,1.04,0.02,1.05,28.06,57.68,0.03,1.14,0.03,0.95
region_7,70,12,1,region_7#70#12#1,112499,21.77,17.71,60.52,40.21,41.08,0.03,0.71,0.02,0.72,49.34,28.55,0.02,0.44,0.02,0.53,57.90,15.80,0.04,0.56,0.02,0.78,31.75,52.99,0.02,0.86,0.02,0.77
region_7,70,12,2,region_7#70#12#2,7292,44.21,41.07,14.72,61.49,2.66,0.15,3.34,0.05,5.94,62.89,0.93,0.15,3.23,0.04,5.88,61.08,2.21,0.16,3.73,0.06,6.35,58.39,9.11,0.10,2.59,0.06,4.98
region_7,70,12,4,region_7#70#12#4,852,16.30,22.06,61.65,42.64,37.44,0.03,0.75,0.02,0.78,53.81,22.28,0.02,0.42,0.01,0.44,56.26,18.13,0.03,0.59,0.01,0.70,34.81,48.36,0.03,0.90,0.02,0.90
region_7,60,1,1,region_7#60#1#1,27260,1.18,1.08,5.58,2.18,4.38,0.00,0.11,0.03,0.14,39.24,39.38,0.04,1.03,1.00,1.61,48.19,27.13,0.05,0.87,0.60,1.71,21.52,64.85,0.06,1.61,0.19,1.85
region_7,60,1,2,region_7#60#1#2,6362,22.70,32.49,44.81,60.81,5.62,0.11,3.50,0.07,3.30,60.78,3.10,0.14,4.75,0.06,4.54,63.48,3.19,0.11,2.63,0.06,2.88,58.88,8.67,0.10,3.50,0.07,2.97
region_7,60,1,3,region_7#60#1#3,4974,11.94,25.57,62.49,50.24,20.94,0.11,3.08,0.17,3.50,59.77,6.83,0.11,3.39,0.12,4.09,59.45,8.70,0.10,2.43,0.14,3.27,44.65,28.64,0.11,3.29,0.19,3.49
region_7,60,1,4,region_7#60#1#4,8182,9.42,24.27,66.31,44.46,33.58,0.05,0.98,0.06,1.44,56.75,16.69,0.06,0.49,0.04,1.38,63.86,6.23,0.05,0.68,0.05,1.42,35.61,45.99,0.05,1.17,0.07,1.46
region_7,60,2,1,region_7#60#2#1,278678,15.12,20.32,54.42,36.03,36.21,0.04,0.74,0.09,1.09,49.98,26.88,0.04,0.42,0.05,0.92,58.19,14.73,0.04,0.55,0.09,1.20,30.59,53.56,0.04,1.03,0.12,1.30
region_7,60,2,2,region_7#60#2#2,75158,11.03,29.75,59.22,58.84,12.67,0.05,1.39,0.09,1.37,65.73,3.75,0.04,0.87,0.04,1.01,66.39,2.98,0.04,0.75,0.06,0.99,53.75,19.21,0.06,1.80,0.11,1.63
region_7,60,2,3,region_7#60#2#3,7764,6.53,24.71,68.77,46.66,23.05,0.10,3.21,2.40,3.52,52.13,11.77,0.13,5.52,2.40,4.82,55.53,10.98,0.09,2.79,2.46,3.24,42.96,28.46,0.10,3.14,2.38,3.49
region_7,60,2,4,region_7#60#2#4,224043,12.73,23.88,63.39,43.90,35.05,0.04,0.84,0.09,1.05,59.71,13.14,0.04,0.46,0.03,0.79,63.70,7.15,0.04,0.53,0.06,0.82,33.27,49.96,0.04,1.03,0.11,1.19
region_7,60,3,1,region_7#60#3#1,373140,50.70,15.17,34.13,41.90,38.42,0.05,0.52,0.09,0.80,49.48,27.95,0.04,0.45,0.03,0.54,53.30,21.69,0.08,0.46,0.18,1.20,25.57,61.41,0.05,0.66,0.15,1.01
region_7,60,3,2,region_7#60#3#2,16852,37.73,24.61,37.66,61.99,8.84,0.07,1.07,0.07,1.22,67.63,2.13,0.06,0.62,0.04,0.77,61.41,9.68,0.07,0.78,0.10,1.23,56.71,15.01,0.07,1.71,0.08,1.67
region_7,60,3,4,region_7#60#3#4,229771,20.33,21.24,58.43,43.51,35.81,0.04,0.72,0.09,0.90,57.16,16.83,0.03,0.46,0.04,0.63,62.20,9.19,0.05,0.47,0.12,0.94,31.96,52.10,0.04,0.90,0.10,0.97
region_7,60,5,1,region_7#60#5#1,89054,25.44,21.46,53.09,39.88,41.34,0.04,0.52,0.08,0.85,51.17,25.48,0.04,0.40,0.04,0.73,56.17,17.85,0.06,0.43,0.11,1.02,27.89,58.43,0.04,0.61,0.09,0.84
region_7,60,5,4,region_7#60#5#4,164558,22.97,23.52,53.51,43.77,35.77,0.04,0.57,0.04,0.80,58.38,14.89,0.05,0.53,0.03,0.85,60.93,11.34,0.05,0.43,0.04,0.85,29.96,55.48,0.04,0.65,0.04,0.77
region_7,60,6,1,region_7#60#6#1,22900,12.04,18.86,69.10,36.74,43.56,0.07,1.38,0.06,2.01,57.17,15.51,0.08,0.68,0.03,1.80,57.35,13.91,0.10,0.86,0.05,2.59,27.56,56.54,0.06,1.64,0.06,1.89
region_7,60,6,3,region_7#60#6#3,67972,22.02,21.80,56.18,45.33,32.43,0.07,0.87,0.03,1.62,62.24,7.88,0.12,0.64,0.03,2.17,62.46,8.09,0.08,0.61,0.03,1.77,32.06,51.50,0.05,1.06,0.03,1.34
region_7,60,7,1,region_7#60#7#1,6395,7.86,17.48,74.67,36.55,42.86,0.06,1.88,0.18,2.41,56.09,14.14,0.08,2.02,0.16,3.26,55.68,15.04,0.10,1.38,0.20,3.40,30.02,52.39,0.05,1.98,0.18,2.10
region_7,60,7,2,region_7#60#7#2,2671,7.89,25.84,66.27,57.84,14.15,0.04,1.44,0.12,1.38,64.88,3.21,0.05,1.73,0.13,1.85,65.59,3.57,0.04,0.90,0.07,1.40,53.97,19.59,0.03,1.61,0.14,1.31
region_7,60,7,3,region_7#60#7#3,1257,6.95,18.02,75.03,51.44,18.52,0.06,2.96,1.06,3.13,53.57,11.50,0.10,4.74,0.93,5.72,61.88,5.41,0.09,1.86,0.65,3.40,48.73,22.31,0.05,3.06,1.17,2.83
region_7,60,7,4,region_7#60#7#4,7384,12.37,21.13,66.50,44.92,32.35,0.05,1.12,0.10,1.78,59.19,12.14,0.05,0.75,0.06,2.18,60.83,9.54,0.07,0.74,0.10,2.25,37.21,43.35,0.04,1.31,0.11,1.55
region_7,60,8,1,region_7#60#8#1,2711,23.57,20.75,55.68,40.29,41.01,0.02,0.40,0.04,0.62,51.78,25.01,0.02,0.23,0.02,0.43,56.41,18.20,0.03,0.30,0.06,0.82,29.42,56.28,0.02,0.50,0.05,0.63
region_7,60,8,4,region_7#60#8#4,4082,12.66,25.32,62.02,43.04,36.56,0.02,0.62,0.11,0.81,53.72,22.10,0.02,0.27,0.02,0.57,59.91,12.80,0.03,0.45,0.11,0.86,33.97,49.21,0.02,0.75,0.12,0.84
region_7,50,2,1,region_7#50#2#1,32901,22.05,18.45,59.50,38.27,43.11,0.04,0.78,0.13,0.96,47.84,30.31,0.03,0.42,0.07,0.55,58.70,13.74,0.05,0.57,0.17,1.07,28.39,56.96,0.04,0.99,0.14,1.09
region_7,50,2,2,region_7#50#2#2,3620,7.23,31.31,61.47,57.76,14.63,0.05,1.14,0.09,1.23,64.27,6.51,0.04,0.53,0.10,0.83,66.22,3.48,0.04,0.65,0.08,0.92,52.69,21.27,0.05,1.47,0.10,1.43
region_7,50,2,4,region_7#50#2#4,40001,17.04,19.41,63.56,42.57,36.62,0.04,0.79,0.11,1.24,53.29,22.27,0.03,0.51,0.03,0.68,60.62,10.76,0.05,0.57,0.15,1.18,34.19,48.37,0.05,0.93,0.13,1.41
region_7,50,3,2,region_7#50#3#2,10692,19.77,33.03,47.20,63.05,7.51,0.05,0.94,0.13,1.09,65.43,4.47,0.05,1.01,0.06,0.95,63.36,6.27,0.05,0.98,0.24,1.34,61.83,9.66,0.04,0.89,0.08,0.96
region_7,50,3,4,region_7#50#3#4,228084,30.63,18.02,51.34,42.69,36.85,0.05,0.67,0.08,1.08,52.60,23.32,0.04,0.45,0.03,0.74,58.54,13.97,0.06,0.56,0.11,1.24,31.21,52.95,0.05,0.85,0.10,1.22
region_7,50,5,1,region_7#50#5#1,15118,33.24,22.17,44.58,41.78,38.76,0.04,0.59,0.02,0.82,51.40,25.14,0.04,0.36,0.02,0.78,55.76,18.78,0.05,0.53,0.03,0.91,27.65,58.86,0.04,0.79,0.02,0.81
region_7,50,5,4,region_7#50#5#4,35030,25.23,24.79,49.98,43.15,36.37,0.06,0.68,0.03,1.16,53.79,20.49,0.09,0.46,0.04,1.85,57.73,15.80,0.06,0.52,0.03,1.04,30.53,54.59,0.04,0.86,0.03,0.87
region_7,50,6,1,region_7#50#6#1,19109,21.78,23.36,54.85,38.50,42.79,0.05,0.83,0.04,1.21,53.89,20.83,0.06,0.42,0.04,1.46,54.85,19.74,0.06,0.51,0.04,1.16,25.42,61.34,0.04,1.13,0.05,1.13
region_7,50,6,4,region_7#50#6#4,2067,26.37,23.17,50.45,42.46,37.06,0.06,0.76,0.05,1.36,55.61,17.67,0.09,0.50,0.04,2.10,56.08,17.94,0.06,0.53,0.04,1.21,29.33,55.97,0.04,1.01,0.05,1.04
region_7,50,7,1,region_7#50#7#1,3766,4.50,13.20,82.30,30.92,50.71,0.05,2.19,0.51,1.99,53.04,20.02,0.04,2.09,0.18,1.65,51.83,21.79,0.05,1.42,0.55,1.79,26.35,57.03,0.05,2.32,0.53,2.05
region_7,50,7,2,region_7#50#7#2,1136,4.80,25.34,69.86,57.65,14.06,0.03,1.83,0.11,1.42,65.44,3.05,0.06,1.42,0.08,1.74,64.92,4.97,0.03,0.91,0.06,1.05,54.48,18.12,0.03,2.19,0.14,1.53
region_7,50,7,3,region_7#50#7#3,2495,6.82,17.62,75.56,50.45,20.03,0.06,2.97,1.08,3.01,52.72,13.00,0.10,4.54,0.97,5.65,61.53,6.02,0.07,1.87,0.73,3.23,47.67,23.93,0.05,3.09,1.18,2.72
region_7,50,7,4,region_7#50#7#4,756,9.06,20.32,70.61,43.01,35.17,0.06,1.02,0.07,1.92,60.19,11.47,0.05,0.42,0.08,1.88,62.07,7.44,0.09,0.71,0.07,2.62,35.31,46.20,0.05,1.19,0.08,1.72
region_8,100,3,3,region_8#100#3#3,13495,32.94,22.48,44.58,47.49,30.41,0.03,0.73,0.02,0.52,54.76,20.61,0.02,0.50,0.01,0.39,62.24,9.05,0.03,0.68,0.01,0.59,34.69,48.41,0.02,0.92,0.03,0.58
region_8,90,3,2,region_8#90#3#2,9748,79.01,14.57,6.42,66.92,2.41,0.05,0.77,0.03,0.64,67.83,1.31,0.04,0.67,0.03,0.55,67.44,1.79,0.06,0.71,0.03,0.65,54.52,17.39,0.11,2.14,0.05,1.76
region_8,90,3,3,region_8#90#3#3,24648,72.73,14.72,12.55,45.07,34.24,0.03,0.50,0.01,0.32,44.80,34.87,0.03,0.34,0.01,0.26,49.99,26.79,0.03,0.77,0.02,0.31,40.85,39.27,0.02,1.12,0.01,0.67
region_8,80,2,1,region_8#80#2#1,3699,83.82,10.57,5.61,39.64,41.54,0.06,0.29,0.02,0.47,39.83,41.32,0.06,0.24,0.01,0.46,41.81,38.34,0.05,0.43,0.02,0.45,32.74,50.89,0.03,0.88,0.02,0.67
region_8,80,2,2,region_8#80#2#2,403,34.21,28.77,37.02,60.60,6.11,0.12,3.47,0.09,3.33,64.55,2.62,0.09,2.45,0.07,2.45,62.26,4.20,0.12,3.22,0.06,3.25,55.64,10.81,0.14,4.59,0.14,4.19
region_8,80,3,1,region_8#80#3#1,45617,83.52,10.40,6.07,40.88,40.16,0.04,0.35,0.02,0.40,41.00,40.05,0.04,0.29,0.02,0.39,43.57,36.15,0.03,0.47,0.02,0.38,34.65,48.47,0.02,0.87,0.02,0.62
region_8,80,3,2,region_8#80#3#2,18251,83.76,12.46,3.78,67.39,1.75,0.04,0.76,0.02,0.58,67.71,1.37,0.04,0.71,0.02,0.53,67.55,1.57,0.05,0.72,0.03,0.64,59.58,10.70,0.07,1.86,0.06,1.53
region_8,80,3,3,region_8#80#3#3,36980,32.13,22.66,45.21,48.64,28.59,0.02,0.80,0.01,0.52,57.55,16.36,0.02,0.63,0.00,0.46,63.48,7.14,0.03,0.77,0.01,0.59,34.86,48.03,0.02,0.94,0.01,0.53
region_8,70,2,1,region_8#70#2#1,6390,86.53,9.16,4.31,40.85,39.83,0.06,0.24,0.02,0.49,41.17,39.38,0.06,0.22,0.02,0.48,43.00,36.75,0.05,0.26,0.03,0.49,29.89,55.26,0.03,0.62,0.02,0.56
region_8,70,2,2,region_8#70#2#2,3210,68.38,18.22,13.40,62.92,8.55,0.03,0.83,0.02,0.49,67.62,2.04,0.03,0.67,0.02,0.40,50.70,26.50,0.03,0.67,0.01,0.45,55.59,17.35,0.03,1.87,0.01,1.04
region_8,70,3,2,region_8#70#3#2,52857,64.05,18.05,17.90,62.70,8.51,0.03,0.96,0.02,0.62,67.40,2.16,0.03,0.72,0.02,0.49,54.99,20.04,0.02,0.73,0.01,0.51,53.69,19.61,0.03,2.04,0.01,1.18
region_8,70,3,3,region_8#70#3#3,75864,35.62,22.10,42.28,49.49,27.28,0.02,0.85,0.01,0.56,59.47,13.44,0.02,0.68,0.00,0.51,63.70,6.84,0.03,0.83,0.01,0.61,33.65,49.62,0.02,1.02,0.01,0.57
region_8,70,3,4,region_8#70#3#4,50264,83.26,10.50,6.24,43.39,36.62,0.04,0.31,0.02,0.39,43.51,36.49,0.04,0.27,0.02,0.38,47.33,30.99,0.04,0.31,0.02,0.35,35.12,47.83,0.02,0.77,0.02,0.51
region_8,70,5,2,region_8#70#5#2,997,82.59,11.04,6.37,67.15,2.15,0.04,0.90,0.04,0.70,67.65,1.65,0.04,0.78,0.04,0.63,67.02,2.34,0.03,0.92,0.02,0.70,60.95,8.21,0.06,2.46,0.07,1.69
region_8,70,5,3,region_8#70#5#3,386,43.10,20.90,36.00,51.31,24.46,0.02,0.97,0.01,0.64,62.54,8.76,0.02,0.76,0.00,0.59,64.22,6.15,0.04,0.96,0.00,0.66,30.38,53.88,0.02,1.22,0.01,0.68
region_8,60,2,1,region_8#60#2#1,3730,89.00,8.30,2.71,39.65,41.54,0.06,0.23,0.02,0.52,40.18,40.81,0.06,0.22,0.02,0.52,39.05,42.33,0.06,0.24,0.03,0.55,24.23,63.11,0.04,0.47,0.04,0.66
region_8,60,2,2,region_8#60#2#2,1874,42.30,28.82,28.88,55.10,19.12,0.03,1.32,0.04,0.93,65.94,4.37,0.02,0.89,0.02,0.63,37.93,44.47,0.03,1.02,0.02,0.81,56.35,15.41,0.04,2.25,0.07,1.49
region_8,60,2,3,region_8#60#2#3,1544,43.10,20.90,36.00,51.31,24.46,0.02,0.97,0.01,0.64,62.54,8.76,0.02,0.76,0.00,0.59,64.22,6.15,0.04,0.96,0.00,0.66,30.38,53.88,0.02,1.22,0.01,0.68
region_8,60,3,1,region_8#60#3#1,74503,21.22,10.29,17.72,25.26,12.04,0.01,0.48,0.00,0.31,62.54,8.76,0.02,0.76,0.00,0.59,64.22,6.15,0.04,0.96,0.00,0.66,30.38,53.88,0.02,1.22,0.01,0.68
region_8,60,3,2,region_8#60#3#2,81145,53.40,23.65,22.95,59.45,13.06,0.03,1.14,0.03,0.79,67.02,2.82,0.03,0.79,0.02,0.56,45.61,33.44,0.03,0.93,0.02,0.71,56.11,15.90,0.04,2.18,0.05,1.38
region_8,60,3,3,region_8#60#3#3,62247,80.05,12.50,7.45,45.46,29.74,0.14,2.04,0.11,2.38,45.30,31.20,0.12,1.46,0.07,1.85,49.26,21.60,0.24,2.90,0.16,4.02,40.81,27.79,0.20,6.85,0.54,5.35
region_8,60,5,1,region_8#60#5#1,27404,0.00,0.00,0.00,0.00,0.00,0.00,0.00,0.00,0.00,0.00,0.00,0.00,0.00,0.00,0.00,0.00,0.00,0.00,0.00,0.00,0.00,0.00,0.00,0.00,0.00,0.00,0.00
region_8,60,5,2,region_8#60#5#2,76143,55.71,23.16,21.13,62.51,8.76,0.03,1.15,0.03,0.68,67.40,2.32,0.03,0.81,0.04,0.49,54.69,20.36,0.02,0.94,0.02,0.59,58.21,13.05,0.03,2.29,0.05,1.30
region_8,50,2,1,region_8#50#2#1,14705,0.00,0.00,0.00,0.00,0.00,0.00,0.00,0.00,0.00,0.00,0.00,0.00,0.00,0.00,0.00,0.00,0.00,0.00,0.00,0.00,0.00,0.00,0.00,0.00,0.00,0.00,0.00
region_8,50,2,2,region_8#50#2#2,54612,49.07,23.68,27.25,60.47,5.42,0.21,3.57,0.10,3.86,63.54,3.26,0.16,2.41,0.06,3.00,60.97,3.78,0.29,3.85,0.08,4.49,54.52,10.74,0.24,5.40,0.19,4.86
region_8,50,3,1,region_8#50#3#1,146017,0.00,0.00,0.00,0.00,0.00,0.00,0.00,0.00,0.00,0.00,0.00,0.00,0.00,0.00,0.00,0.00,0.00,0.00,0.00,0.00,0.00,0.00,0.00,0.00,0.00,0.00,0.00
region_8,50,3,2,region_8#50#3#2,148729,54.40,18.48,21.22,59.21,4.88,0.09,2.23,0.06,1.97,66.48,1.59,0.09,1.54,0.04,1.54,58.73,10.70,0.12,2.53,0.06,2.50,57.41,10.00,0.10,3.92,0.18,3.03
region_8,50,3,4,region_8#50#3#4,73031,80.92,12.25,6.83,44.82,30.36,0.15,2.18,0.12,2.55,44.62,32.00,0.13,1.54,0.07,1.96,48.10,22.58,0.26,3.16,0.17,4.40,41.29,24.93,0.23,7.93,0.63,6.23
region_8,50,5,1,region_8#50#5#1,50438,0.00,0.00,0.00,0.00,0.00,0.00,0.00,0.00,0.00,0.00,0.00,0.00,0.00,0.00,0.00,0.00,0.00,0.00,0.00,0.00,0.00,0.00,0.00,0.00,0.00,0.00,0.00
region_8,50,5,2,region_8#50#5#2,85328,55.88,22.74,21.38,63.11,7.91,0.03,1.17,0.04,0.70,67.52,2.16,0.03,0.84,0.03,0.51,56.01,18.48,0.02,0.97,0.02,0.60,59.13,11.70,0.03,2.26,0.07,1.30
region_8,50,5,3,region_8#50#5#3,5363,79.07,13.15,7.78,45.95,27.84,0.17,2.63,0.15,3.03,45.69,29.79,0.15,1.89,0.09,2.34,49.39,19.69,0.29,3.60,0.19,4.98,42.70,21.76,0.25,8.56,0.68,6.70
region_8,40,2,1,region_8#40#2#1,11736,0.00,0.00,0.00,0.00,0.00,0.00,0.00,0.00,0.00,0.00,0.00,0.00,0.00,0.00,0.00,0.00,0.00,0.00,0.00,0.00,0.00,0.00,0.00,0.00,0.00,0.00,0.00
region_8,40,2,2,region_8#40#2#2,78026,46.11,25.00,28.90,60.85,3.36,0.29,4.25,0.07,4.58,63.87,2.09,0.21,2.68,0.05,3.34,60.66,2.13,0.42,4.57,0.05,5.55,56.18,6.44,0.32,6.47,0.12,5.73
region_8,40,3,1,region_8#40#3#1,250277,67.74,12.64,7.46,41.22,22.61,0.15,2.75,0.11,2.83,46.58,27.75,0.15,2.40,0.07,2.59,50.65,17.33,0.27,4.27,0.15,5.03,43.93,21.79,0.22,7.79,0.51,5.93
region_8,40,3,2,region_8#40#3#2,350498,42.45,24.67,32.88,59.88,5.92,0.17,4.05,0.08,3.66,63.43,2.69,0.16,2.87,0.06,3.11,61.17,3.78,0.22,3.87,0.07,4.07,54.34,1.87,0.03,1.13,0.04,0.81
region_8,40,5,1,region_8#40#5#1,43376,0.00,0.00,0.00,0.00,0.00,0.00,0.00,0.00,0.00,0.00,0.00,0.00,0.00,0.00,0.00,0.00,0.00,0.00,0.00,0.00,0.00,0.00,0.00,0.00,0.00,0.00,0.00
region_8,40,5,2,region_8#40#5#2,55842,53.53,23.33,23.14,64.75,5.20,0.03,1.25,0.05,0.86,67.41,1.85,0.03,1.02,0.03,0.69,62.84,8.09,0.03,1.11,0.04,0.85,60.49,10.05,0.04,1.93,0.11,1.28
region_8,40,5,3,region_8#40#5#3,6873,71.24,17.42,11.34,50.90,17.59,0.23,4.54,0.18,4.53,51.02,19.19,0.20,3.73,0.11,3.83,53.48,11.45,0.31,5.16,0.17,6.05,46.17,16.98,0.24,8.67,0.57,6.58
region_8,30,2,2,region_8#30#2#2,48318,46.21,25.72,28.07,61.08,2.88,0.29,4.31,0.05,4.62,64.45,1.25,0.21,2.66,0.03,3.34,60.85,1.88,0.40,4.51,0.03,5.50,55.74,6.47,0.32,6.86,0.08,5.91
region_8,30,3,1,region_8#30#3#1,75109,23.04,7.95,12.04,19.98,9.20,0.09,2.62,0.07,2.29,52.95,13.63,0.25,4.77,0.13,5.07,55.84,7.94,0.30,5.17,0.16,6.09,27.73,45.06,0.12,9.18,0.22,5.28
region_8,30,3,3,region_8#30#3#3,183138,22.61,22.38,55.01,48.72,29.49,0.02,0.36,0.01,0.36,51.74,25.78,0.02,0.28,0.01,0.39,64.06,7.85,0.03,0.29,0.01,0.42,41.23,39.82,0.02,0.42,0.01,0.32
region_8,30,5,2,region_8#30#5#2,426789,33.95,27.24,38.81,63.43,4.22,0.09,2.39,0.04,2.26,65.03,1.92,0.09,2.35,0.04,2.31,64.09,3.34,0.10,2.08,0.03,2.47,61.56,6.85,0.08,2.64,0.05,2.07
region_8,30,5,3,region_8#30#5#3,43643,22.61,22.38,55.01,48.72,29.49,0.02,0.36,0.01,0.36,51.74,25.78,0.02,0.28,0.01,0.39,64.06,7.85,0.03,0.29,0.01,0.42,41.23,39.82,0.02,0.42,0.01,0.32
region_8,20,3,1,region_8#20#3#1,45550,36.61,10.04,15.18,29.52,14.31,0.09,2.62,0.06,2.23,54.79,15.10,0.15,2.70,0.07,3.10,55.19,12.20,0.20,3.90,0.10,4.20,25.82,49.76,0.09,8.20,0.15,4.42
region_8,20,3,2,region_8#20#3#2,251645,28.92,30.84,40.24,63.62,3.81,0.09,2.58,0.04,2.24,65.16,1.50,0.09,2.53,0.05,2.36,64.69,2.67,0.09,2.17,0.02,2.26,61.71,6.34,0.08,2.94,0.04,2.14
region_8,20,3,3,region_8#20#3#3,281576,35.21,22.73,42.06,52.12,15.44,0.21,4.91,0.13,4.18,55.24,11.60,0.28,3.99,0.10,4.29,56.61,8.66,0.25,4.68,0.16,4.73,47.08,22.32,0.12,5.80,0.15,3.79
region_8,20,5,2,region_8#20#5#2,47499,24.22,31.53,44.26,60.90,8.62,0.07,2.02,0.04,1.96,63.60,4.34,0.07,2.18,0.04,2.20,62.70,6.02,0.08,1.81,0.03,2.16,58.14,12.82,0.06,2.09,0.05,1.69
region_8,20,5,3,region_8#20#5#3,17111,33.39,19.78,46.83,47.91,29.19,0.02,1.30,0.02,0.83,46.39,32.79,0.02,0.42,0.02,0.40,56.47,17.48,0.02,0.76,0.04,0.65,45.38,31.56,0.02,2.16,0.02,1.21
region_8,10,3,1,region_8#10#3#1,16691,35.08,9.48,7.82,27.15,9.33,0.08,1.95,0.02,1.84,53.66,16.63,0.14,2.79,0.03,3.00,53.60,13.34,0.19,4.88,0.05,4.48,41.48,28.50,0.14,6.47,0.10,4.61
region_8,10,3,2,region_8#10#3#2,274557,32.02,31.28,36.70,63.07,4.09,0.07,3.19,0.04,2.25,65.22,2.01,0.07,2.52,0.04,1.95,64.89,2.39,0.07,2.50,0.02,2.08,59.63,7.35,0.07,4.36,0.04,2.65
region_8,10,3,3,region_8#10#3#3,135554,26.12,24.07,49.80,54.44,8.04,0.14,6.52,1.45,4.86,59.66,4.81,0.15,4.31,0.72,3.85,57.56,5.82,0.15,5.14,1.23,4.44,50.20,10.81,0.13,8.35,1.93,5.58
region_8,10,3,4,region_8#10#3#4,55769,30.50,20.89,48.61,48.32,28.97,0.02,1.06,0.02,0.74,47.52,31.25,0.02,0.39,0.02,0.42,57.91,15.75,0.02,0.63,0.04,0.62,44.71,33.23,0.02,1.67,0.02,1.00
region_8,10,5,1,region_8#10#5#1,1461,0.00,0.00,0.00,0.00,0.00,0.00,0.00,0.00,0.00,0.00,0.00,0.00,0.00,0.00,0.00,0.00,0.00,0.00,0.00,0.00,0.00,0.00,0.00,0.00,0.00,0.00,0.00
region_8,10,5,2,region_8#10#5#2,34130,26.21,30.14,43.65,60.73,7.30,0.08,3.02,0.06,2.47,63.34,3.92,0.08,2.71,0.06,2.45,63.02,4.52,0.08,2.46,0.04,2.51,57.59,11.24,0.08,3.58,0.07,2.44
region_8,0,3,1,region_8#0#3#1,10735,17.46,4.34,4.29,13.36,6.22,0.01,0.30,0.00,0.34,53.96,20.41,0.06,0.65,0.01,1.26,53.81,19.72,0.05,1.74,0.01,1.20,37.36,41.96,0.04,2.56,0.01,1.52
region_8,0,3,2,region_8#0#3#2,87210,33.39,31.33,35.28,62.20,5.49,0.06,3.25,0.04,2.05,64.94,3.15,0.05,2.22,0.04,1.54,64.75,3.03,0.05,2.42,0.02,1.80,57.35,9.90,0.07,4.96,0.04,2.76
region_8,0,3,3,region_8#0#3#3,79487,23.83,21.92,54.25,52.93,8.12,0.15,6.57,2.70,4.99,60.02,4.49,0.13,3.52,1.50,3.27,56.49,6.00,0.14,5.05,2.17,4.43,48.38,10.58,0.15,8.52,3.45,5.98
region_8,0,3,4,region_8#0#3#4,39011,31.07,20.93,48.00,48.36,28.83,0.02,1.13,0.02,0.79,47.30,31.50,0.02,0.40,0.02,0.43,57.06,16.87,0.02,0.66,0.04,0.66,45.25,32.31,0.02,1.81,0.02,1.09
region_8,0,5,2,region_8#0#5#2,12295,24.53,21.71,53.76,52.86,13.27,0.11,6.25,0.06,4.23,53.44,17.97,0.07,2.79,0.06,2.12,58.37,9.29,0.07,3.96,0.04,3.04,50.38,12.73,0.15,8.76,0.08,5.68
